Date,Close,Close,Close,High,High,High,Low,Low,Low,Open,Open,Open,Volume,Volume,Volume
,AAPL,GOOG,MSFT,AAPL,GOOG,MSFT,AAPL,GOOG,MSFT,AAPL,GOOG,MSFT,AAPL,GOOG,MSFT
2024-01-02,184.08151245117188,138.73532104492188,366.1055603027344,186.85800888690832,139.78409481296455,371.07094047816395,182.34620407017263,136.92608352762693,362.0582255182153,185.57883023572913,138.77509317462506,369.0571391968686,82488700,20071900,25258600
2024-01-03,182.7031707763672,139.53060913085938,365.8390197753906,184.31949132166326,140.25629129161408,368.46485117398277,181.8900476382689,137.6120056714196,363.77587298911,182.6734238450404,137.78101448467874,364.2694496401492,58414500,18974300,23083500
2024-01-04,180.3828125,137.22430419921875,363.2131652832031,181.55289876959398,139.80397135530865,368.30687961312606,179.36146088139282,137.1944826850485,362.4530681341208,180.62078794157884,139.02362150968963,365.9081044717195,71983600,18253300,20901500
2024-01-05,179.65895080566406,136.5781707763672,363.0256652832031,181.22568820887324,137.98977826804722,367.2802940556776,178.6574354024576,136.04136827560893,361.79172352493254,180.46216340525032,137.53449196269077,364.2299936442964,62379700,15439500,21004600
2024-01-08,184.00218200683594,139.69961547851562,369.87646484375,184.04185467153414,139.8089661018843,370.3799226566514,179.97626898919978,137.06528023639635,364.26944144422686,180.56131218264795,137.18456630966188,364.5556942050089,59144500,17645300,23134000
2024-01-09,183.585693359375,141.71759033203125,370.9623718261719,183.59560395931726,141.95617759872704,371.15978442404423,181.19592240352762,138.9639544073305,366.4214603176876,182.37593441619447,139.23236318628543,367.23093330789527,42841800,19579700,20830000
2024-01-10,184.6268768310547,142.95030212402344,377.8526611328125,184.8351053395885,143.67100906485368,379.23469986544035,182.3759299825551,141.61822370064812,371.48554036689814,182.8023278606972,141.67786673921324,371.5348859821227,46792900,16641900,25514200
2024-01-11,184.0319061279297,142.82106018066406,379.6888122558594,185.47965559618967,145.79339789850505,385.66107820004805,182.07844372761645,141.37465587409704,375.4934103589662,184.97392753345,144.03882779158968,381.0412075766554,49128400,17471100,27850800
2024-01-12,184.35914611816406,143.38768005371094,383.4794616699219,185.17226924419936,143.88472551472387,383.68675543751164,183.63527891547233,142.51287518836864,379.7085286566561,184.49797017252533,143.48708004473932,380.53773385254453,40477800,13998700,21661200
2024-01-16,182.08837890625,143.2286376953125,385.2563171386719,182.71307958868692,144.97823245073823,388.9680232792621,179.41103406753936,142.21068641572148,382.64036685364044,180.63071876275188,142.58246942340713,388.6027813692521,65603000,19198900,27202300
2024-01-17,181.14633178710938,142.045654296875,384.46661376953125,181.39423295178236,142.56258583466206,385.09837624388496,178.78632298828933,139.67971299760342,379.86647557529443,179.74818071767538,142.0655403629579,382.99576492837696,47317400,17884500,22234100
2024-01-18,187.04640197753906,144.1332550048828,388.81005859375,187.55211493445296,144.72474034471793,388.92851216757646,184.26990575318283,142.50294642304615,385.10823378403643,184.52771753168435,142.59241096975455,386.68768506128634,78005800,18876800,23392100
2024-01-19,189.95179748535156,147.09564208984375,393.5484313964844,190.33852272040096,147.16522057008055,393.5484313964844,187.23481023986653,144.9384665045121,388.44483542424194,187.74052319933506,145.44047212985262,390.6758115906089,68903000,27181000,29331100
2024-01-22,192.26223754882812,146.83718872070312,391.41619873046875,193.69015075906108,149.12856120157483,395.4733846867512,190.64591702187175,146.70795203635896,388.53369758806053,190.68558968364889,147.8312797236583,394.8810866300338,60133900,21829200,27016900
2024-01-23,193.54139709472656,147.8014373779297,393.7754821777344,194.10661903356933,147.98038163929337,394.24932665124675,192.20273983497614,146.32025154817293,388.8693286128031,193.38275184285894,146.84711854607121,390.665955016982,42355600,14113600,20525900
2024-01-24,192.86712646484375,149.46160888671875,397.388427734375,194.73134826169684,150.67440129036194,400.4189955779341,192.7084660713482,148.95461269766793,395.30554874370245,193.77940103141137,149.40195067670388,396.38154221940175,53631300,19245000,24867000
2024-01-25,192.53990173339844,152.73214721679688,399.6687927246094,194.62227786062397,153.8455243308292,401.7813154634368,191.48880306885755,150.32644871333386,397.3588573808602,193.5810897970112,150.84338030283124,399.12587040416065,54822100,21495100,21021200
2024-01-26,190.80458068847656,152.88124084472656,398.7408142089844,193.1249321296598,153.1993572303287,400.95205802517637,190.3286146537771,151.89710051009624,397.260084299944,192.63905549468925,151.96667898905662,399.1751640590117,44594000,19494500,17803300
2024-01-29,190.12039184570312,153.92503356933594,404.4564514160156,190.58644733122568,154.28290690532094,404.71312091427023,187.9884474907554,152.01638083362383,399.13568066698633,190.39803999060732,152.7321275055938,400.8434667217464,47145600,20909300,24510200
2024-01-30,186.46133422851562,152.1456298828125,403.34100341796875,190.18977744614463,154.12386125577916,407.74369913947424,185.89612743839433,151.87224575789702,401.22851081076954,189.33699683048337,153.09994874398615,406.96386964515773,55859400,26578900,33477600
2024-01-31,182.85189819335938,140.9621124267578,392.472412109375,185.52924295226458,144.72971079205197,409.98453286629814,182.80233006356883,140.71358966689704,392.1071701932433,185.46973396127981,144.53089561788846,401.7319152692152,55467800,43908600,47871100
2024-02-01,185.29124450683594,141.86672973632812,398.5927429199219,185.3804852934909,143.7654319706896,402.75853089052634,182.27677304456427,141.41937666261583,396.6381686159988,182.44534401847454,142.8409346447498,396.6677820088373,64885400,25526900,30657700
2024-02-02,184.2897491455078,142.69180297851562,405.9371337890625,185.75731994134992,143.02980541709115,407.3487556129593,177.74515173237538,137.35353962963936,398.3755367797246,178.35003123610636,140.0574681265023,398.62232507588243,102551700,42136100,28256700
2024-02-05,186.10438537597656,144.0736083984375,400.438720703125,187.66121220628375,145.80333228377611,405.87794489838444,184.27983613833493,143.05964645023528,398.800042648597,186.5704408518845,143.18886797189305,404.63412212946537,69668800,29254400,25352300
2024-02-06,187.71078491210938,144.55075073242188,400.2807922363281,187.72069551270494,145.87289335199839,402.72894332826615,185.2020260688322,143.66601050351696,397.7339499122829,185.291266866256,145.09750372076138,400.6657964934495,43490800,21517700,18382600
2024-02-07,187.81985473632812,145.81324768066406,408.7308044433594,189.4460858813363,146.13136405342033,408.97759276390855,187.02656792958788,144.35194799526352,402.16624114185635,189.03952431241242,145.25655919696413,402.2057357082919,53439000,21436100,22340500
2024-02-08,186.739013671875,146.35006713867188,408.7900695800781,187.94875754592414,146.73776199253567,410.22145402375685,185.77715585449096,145.55479136523687,407.23038050312016,187.8000228857875,146.10154440751242,408.73084278763224,40962000,18241300,21225300
2024-02-09,187.50352478027344,149.3323516845703,415.14727783203125,188.63539609029752,149.80455097844663,415.4138284838294,186.65957913376621,146.55882929176255,409.7574296442869,187.304938639922,147.075760860539,409.91537777577173,45155200,21877700,22032800
2024-02-12,185.8156280517578,147.8511505126953,409.92529296875,187.32479480430874,149.70016038356613,415.3348738248099,185.45819421957458,147.68215686255323,409.4218351407045,187.0765772861258,148.65636179751206,415.1571934592156,41781900,17236100,21202900
2024-02-13,183.72068786621094,145.50509643554688,401.10015869140625,184.8823592862032,147.16522660378953,404.80198377503444,182.2015977323704,144.25254722231065,398.2078065895252,184.44549399150463,145.20688126712756,399.73788224054636,56529500,18138500,27824900
2024-02-14,182.83702087402344,146.27053833007812,404.9769287109375,184.2071864451767,146.9564634963974,405.32307733535373,181.13922150541597,144.69489753725608,400.111169801605,183.9986922104331,146.49917499597663,403.5725956832902,54630500,16651800,20401200
2024-02-15,182.54908752441406,143.08944702148438,402.0792236328125,183.17460050228618,143.90459367435525,404.6209064246705,180.05698915939104,141.04162218804532,399.8342525934749,182.2413002337134,143.6063785383192,403.6418270582009,65434500,26724300,21825500
2024-02-16,181.01014709472656,140.92233276367188,399.6067810058594,183.53204565484478,143.62626146002236,403.7901722944783,180.37471083115267,140.6837606348687,398.99361896429224,182.1122335213933,143.35786781511877,403.4637923812322,49752500,21865100,22296500
2024-02-20,180.26548767089844,141.3597412109375,398.3507995605469,181.12927978468986,142.48206779776814,400.0320454973026,178.7166127841021,139.96801983856676,393.62348186339256,180.49384354523508,140.10719197580383,398.7958219344355,53665600,18625600,24307900
2024-02-21,181.0200653076172,142.99005126953125,397.7474670410156,181.5859933284812,143.1292234081102,397.85627039792524,179.3718974749363,141.0714628470767,392.8421408842448,180.64276986037862,141.7971450576223,395.75964027371015,41371400,16440800,18518900
2024-02-22,183.05545043945312,144.4613037109375,407.1131286621094,183.64125529629035,145.33609342970553,408.28011643608824,181.15908011476066,143.15903182861547,404.0670871504759,182.17179668082835,145.25656433370406,405.6692280234365,52292200,23024700,27009900
2024-02-23,181.21864318847656,144.4314727783203,405.8175354003906,183.72066477086588,145.09255177888215,411.2766872182918,180.9307023940782,143.93442728498795,404.46263934607134,183.6908798817894,144.11337155027243,411.0888090231092,45119700,14519400,16295900
2024-02-26,179.86834716796875,137.9301300048828,403.0484313964844,181.45693020455124,142.99004969215943,407.61750865515694,179.36197373162466,137.9201945553173,402.87039227350954,180.94064867140935,142.60235479835018,406.9252114178632,40867400,33513000,16193500
2024-02-27,181.32786560058594,139.27215576171875,402.9891357421875,182.60866132395924,139.65985064662803,403.8198744020147,178.27974721589908,137.681604087482,399.3991374820922,179.8087756065873,138.58623054181194,403.4934944613291,54318900,22364000,14835800
2024-02-28,180.12649536132812,136.617919921875,403.2264404296875,181.81437153541262,138.4569943537666,404.7890136651283,178.84569957246276,135.83259469990304,400.85289732894444,181.20872015618278,138.27806525330146,403.6813622301974,48953900,30628700,13183100
2024-02-29,179.46127319335938,138.9540252685547,409.0812072753906,181.26830407372196,139.1230189019037,409.63503299154024,178.2499704416867,136.757092866394,401.44628969562774,179.97756989489093,137.53248255758288,404.1363132517421,136682600,35485000,31947300
2024-03-01,178.37904357910156,137.26406860351562,410.92071533203125,179.24283570733874,139.17272124608434,411.28663268034427,176.11530099131116,137.15969330979547,406.35163783892614,178.26982726346276,138.7850264150723,406.7373238991448,73563100,28551500,17823400
2024-03-04,173.85154724121094,133.40699768066406,410.3471374511719,175.63870116419773,135.8226464903749,412.7503489287205,172.55087478393426,132.07491949581865,407.77578628129385,174.8940486462885,135.7331667799237,408.8834378175513,81510100,43571500,17596000
2024-03-05,168.90704345703125,132.98948669433594,398.21234130859375,170.8133520831047,133.22807398414722,409.6845023906636,168.41060844555398,130.77266811276874,396.22451427648355,169.5424796657224,131.9556387757354,409.3976900637708,95132400,28447600,26919200
2024-03-06,167.9141845703125,131.7766876220703,397.658447265625,170.01907946057096,133.94381367742895,400.6946191593844,167.47731930724007,131.17029156473757,393.9992441346355,169.84035496658896,133.44676822612746,398.5287533624504,68587700,23175200,22344100
2024-03-07,167.7950439453125,134.44085693359375,404.6308288574219,169.51270494606766,135.01743146792404,405.26375963919287,167.28868565722726,131.87610062652035,397.80685051788544,167.94396839769192,133.09882816954288,401.64409335772916,71765100,24107300,18718500
2024-03-08,169.51271057128906,135.48464965820312,401.7429504394531,172.46153602621885,138.16373206435964,405.8966732764971,167.73547973060533,134.00346384234777,399.87376610841244,167.7950495135339,134.23707582364784,403.46376381248507,76267000,26495200,18002200
2024-03-11,171.518310546875,138.11898803710938,400.0617370605469,173.13669366515666,139.1528358687058,401.20895621575255,170.82330450374639,136.26004296238767,396.8376863432141,171.70695829072324,136.26004296238767,399.310133613595,60139500,22536400,16120800
2024-03-12,171.994873046875,138.79498291015625,410.703125,172.7891721100731,139.4510866217072,410.98993730983005,169.79070034274764,137.39332610463848,402.3067044386273,171.91544162555573,137.433083071115,403.1275435831552,59825400,19019700,22457000
2024-03-13,169.90985107421875,139.9381866455078,410.5251159667969,171.95516088785197,141.34979396788552,413.571157465626,169.54247886546352,139.18266781900704,406.9153492946695,171.53815729817867,139.23237540000693,413.49205243943396,52488700,19637000,17115900
2024-03-14,171.76651000976562,143.48709106445312,420.5335693359375,173.06716728584055,143.87478594707295,423.10492026926096,170.82328653971078,140.64896551131784,413.3832416992079,171.67715534575908,141.45915210197046,415.60844401398504,72913500,36117900,34157300
2024-03-15,171.3892364501953,141.3299102783203,411.83056640625,171.3892364501953,143.4870858460988,417.9424481650146,169.07584723661714,140.29606235180813,408.2405685225254,169.94957779625068,142.56258853217557,414.66893074173265,121752700,41039500,45079900
2024-03-18,172.4813690185547,147.60263061523438,412.7206115722656,176.44292557517804,152.02633262688852,416.0930326692394,172.28279805844676,147.26464330841702,409.2196184111682,174.3181844870376,148.4873710175652,409.68443962233437,75604200,47676700,20106000
2024-03-19,174.8245391845703,147.0459442138672,416.7655334472656,175.35075903574833,148.7358959412155,417.02267757704544,171.7962828664752,146.14131773070486,410.97010235049925,173.09694005146207,148.09967828496818,413.22497266505087,55215200,17748400,19837900
2024-03-20,177.39610290527344,148.79550170898438,420.5434875488281,177.39610290527344,148.87503079217458,421.2654227938467,173.84162605000233,146.79240938003514,416.0238469576272,174.467139074951,147.9107615153482,417.3490749958178,53423100,17730000,17860100
2024-03-21,170.14813232421875,147.861083984375,424.6378173828125,176.22450721449738,150.41091436773635,426.07184869793537,169.6219124199128,147.13538671549907,422.4521827120365,175.78764197696165,149.43174940597726,425.0927391745549,106181300,19843900,21296200
2024-03-22,171.05166625976562,150.87319946289062,424.0147705078125,171.81618050845861,151.65852470027477,425.1224219595106,168.8474933401544,149.2031186493154,421.374213954432,170.5353695457136,149.35224140458791,424.9642119074724,71160100,19252900,17648500
2024-03-25,169.63185119628906,150.25685119628906,418.1995849609375,170.7140758962492,150.5610428048825,422.69945686878276,168.24182406010684,147.9207464068271,416.96336138975573,169.3538487990515,150.0580360265556,420.5533594694659,54288300,15114700,18060500
2024-03-26,168.49998474121094,150.80360412597656,417.00286865234375,170.19778406175462,152.29474065029794,421.2950326486401,168.37090678526505,150.13756496534802,416.70618711068727,168.78791039294236,150.3463307529481,420.91921590838507,57388400,19312700,16725600
2024-03-27,172.07431030273438,151.04217529296875,416.78533935546875,172.36225110852925,151.78774347547167,419.7720747256789,168.89712909220745,149.2428731728415,414.3920274982848,169.19499314475576,151.24596574975436,419.7621752794236,60273300,16622000,16705000
2024-03-28,170.25735473632812,151.3602752685547,416.0831604003906,171.00200728609337,151.76785617881936,417.2204799799258,169.29426955996547,150.43577801069048,414.5007882900106,170.5254338962422,151.10181709475492,416.32050565351443,65672700,21105600,21871200
2024-04-01,168.8177032470703,155.5752410888672,419.8907470703125,170.02900599080004,156.07228658755366,423.17416401356485,168.2716216576847,150.7538936841584,417.56664079478026,169.96943620832081,150.9328379513705,419.27758502766966,46240500,24469800,16316000
2024-04-02,167.63616943359375,154.94894409179688,416.79522705078125,168.13260444031488,155.06824531474004,417.72486953541625,167.0305181193942,152.55319654534185,413.2348973416725,167.87446369081778,153.83556713514977,415.4798683479255,49329500,17598100,17912000
2024-04-03,168.44039916992188,155.4459991455078,415.8161315917969,169.46305411699578,155.624943406665,418.5951594920779,167.37803608655156,153.22123218444426,414.47110478435076,167.5865303145986,154.00457028181484,415.1040656775575,47691700,17266200,16502300
2024-04-04,167.61631774902344,151.04217529296875,413.2745056152344,170.69420560535343,155.25711104346615,423.94559634674056,167.61631774902344,150.98253226534828,412.9679245721771,169.07582268557752,154.163620143636,420.30613107413274,53704400,24184800,19370900
2024-04-05,168.37091064453125,153.0303497314453,420.8302917480469,169.17513298848516,153.92502543984406,421.8094013848157,167.74539764368038,150.18823521970856,413.7096617584277,168.3808338913719,150.78369467528657,415.38103851823735,42104800,16297300,16554800
2024-04-08,167.24896240234375,155.2173614501953,419.9104919433594,167.99361496437555,155.72931768640746,422.5708472466926,167.04046816897213,153.0800719596687,418.63470088049553,167.82482886831443,153.10491816614896,420.48411653092035,37425500,16641500,14272400
2024-04-09,168.46026611328125,157.20555114746094,421.5818786621094,168.86734648560252,158.9452104086843,423.0257792491063,167.1496854743383,155.71441463784092,416.9732338650976,167.49718091534808,156.42022592658938,421.74011889073387,42373800,21521500,12496900
2024-04-10,166.583740234375,156.72837829589844,418.5951843261719,167.88439761067826,157.2254237565588,419.3566871510799,165.91851910107465,155.27699887657573,415.0744221472326,167.59647195447172,156.9470795120789,417.5369697470064,49709300,16339200,16216600
2024-04-11,173.79196166992188,159.83987426757812,423.21368408203125,174.20898041040104,160.16792609534323,424.6378159464607,166.96102623293754,156.99677359557123,417.7050650079003,167.13973556457645,157.40435451812397,421.1269533333631,91070300,17841700,17966400
2024-04-12,175.29122924804688,158.24935913085938,417.2501525878906,177.08832180821437,160.74452224435305,420.4940018672189,172.96791671667,157.662849042733,415.14362290023075,173.0175481045229,158.46308506945402,419.3764509864425,101670900,16989800,19253800
2024-04-15,171.45872497558594,155.40625,409.0812072753906,175.37063525095596,159.87965956188154,422.1159406782311,171.27007724910962,155.22730572983969,408.87349999590606,174.10968609239896,159.33290647059323,421.898364133941,73531800,21140900,20273500
2024-04-16,168.1723175048828,155.07818603515625,410.0108337402344,172.5210775974863,156.3009136393726,413.7887401482267,167.0702312509368,154.13380267956435,409.1702258721835,170.52541444574328,154.7203126914071,410.00096447508815,73711200,15413200,16765600
2024-04-17,166.8021697998047,155.9530029296875,407.301025390625,169.43326939438703,157.74335574694067,414.26344459371984,166.8021697998047,155.21239481054505,405.8076577445542,168.4006911997193,156.26116871665113,412.6514043206412,50901200,16237800,15855500
2024-04-18,165.84901428222656,156.5295867919922,399.8144226074219,167.4376124969012,157.54852407282544,407.3504659255286,165.36251763085394,155.2869729526219,399.49797234974403,166.83196113193097,155.99774442827146,406.1043430605785,43122900,14016100,21029900
2024-04-19,163.82357788085938,154.7998504638672,394.7212219238281,165.21359005742565,157.05644126257425,401.0111429150955,162.91013914340203,153.00054819560452,393.3860944801934,165.02495745131748,156.8178539638261,399.5771115531844,68149400,21479900,30565800
2024-04-22,164.6575469970703,157.0166778564453,396.54095458984375,166.0674204920171,158.2443809063645,398.4101391191041,163.5951840406637,154.74021603277106,391.38838318863185,164.33983649468445,155.08813879808233,395.6706483655049,48116400,17243900,20286900
2024-04-23,165.7100067138672,158.97503662109375,403.0780944824219,165.85894631264824,159.53172517414833,403.70115595190015,163.74412823991455,157.03158682591624,398.61779046162303,164.17107024309314,157.65289372327635,399.78477819553336,49537800,16115400,15734500
2024-04-24,167.8148956298828,160.1480712890625,404.5516357421875,168.09289802448964,160.43635101408688,407.9240568237566,165.02493328758231,157.88154495006788,402.2967654513749,165.35256706337344,158.14993860724132,405.04612510579756,48251800,19485700,15065300
2024-04-25,168.67869567871094,157.0166778564453,394.64215087890625,169.39356334150216,157.3447297222249,395.4827889847814,166.9510963019663,151.86530642343064,383.7534834719766,168.3212618473153,152.45380359070538,389.6873569046374,50558300,36197800,40586500
2024-04-26,168.0928955078125,172.6636505126953,401.8418884277344,170.1183436596222,175.3775144172109,408.4482598176065,167.97374080476908,170.3871738616868,401.28806269332824,168.66876193087458,174.95006261198014,407.6274206623671,44838400,56500800,29694700
2024-04-29,172.26295471191406,166.90786743164062,397.8167419433594,174.7749147415349,170.36731492110758,401.84189310160997,171.86581274952138,166.0728346591311,394.79046908042733,172.1338767566388,169.76091882398472,400.7836784898605,68169400,35914600,19582100
2024-04-30,169.1155548095703,163.66712951660156,385.0390930175781,173.74233280675443,168.86622081448593,397.72770759660574,168.78790588015656,163.52795739364979,384.880882973138,172.09416491333778,166.39094411565628,397.06507853790987,65934800,29420800,28781400
2024-05-01,168.0928955078125,164.59164428710938,390.5872802734375,171.47858587357683,167.8124892261671,397.29255516859246,167.90424778215495,163.9255900086355,386.0083037107917,168.37089789825708,165.1980251988896,388.2829428234783,50383100,25223200,23562500
2024-05-02,171.79632568359375,167.46458435058594,393.455322265625,172.18354444700543,167.53416283614857,395.5222843363775,169.67158410871994,164.71094790484528,390.30047747836124,171.28002894904594,165.68515288310124,393.2773133250789,94214900,17041100,17709400
2024-05-03,182.072509765625,167.99143981933594,402.1781311035156,185.66669440285864,168.84635866709175,402.66272106797066,181.3576421366733,164.00512528995867,397.431014652392,185.3191838346203,168.5381777222921,397.8463990370952,163224100,22767100,17446700
2024-05-06,180.41441345214844,168.8264617919922,408.9822692871094,182.8866500436298,168.89604026830736,409.3679552945795,179.13360267463952,166.89792299131395,401.8912785681901,181.04984964293004,168.22006572753793,404.254952201575,78569700,15147900,16996600
2024-05-07,181.09950256347656,171.95785522460938,404.82861328125,183.5816778461448,172.44496527047554,410.09988764131936,180.02721617336002,168.99546832125176,404.5813685599285,182.14201921219635,169.11475438610685,410.0899881944696,77305800,21102400,20018200
2024-05-08,181.43707275390625,170.1486053466797,406.0153503417969,181.76472167822584,170.89317240681382,407.68672686794355,180.1562619452029,169.51437485492383,402.2275447730789,181.5462890620128,169.74102442939565,403.6714754994307,45057100,14569900,11792300
2024-05-09,183.2540283203125,170.56613159179688,407.7757568359375,183.34338298682428,171.4210504384506,408.1713423301442,180.81156138569682,168.92587237916933,404.59124380852967,181.25834986825006,170.13866458415777,406.0450438901993,48983000,11937700,14689700
2024-05-10,181.9913787841797,169.28375244140625,410.1690673828125,184.01957427538,170.3275510419372,410.8020283165112,181.07670119634082,166.9178261379779,407.2614672287658,183.83067066594327,168.68730693297795,408.3889175739522,50759500,18740500,13402300
2024-05-13,185.2027130126953,169.89013671875,409.16033935546875,186.01797810895252,169.9398442998084,413.73931635314705,183.55230940603695,164.78050985960223,406.2923066683535,184.36757450229416,164.86700135401634,413.40306715905325,72044800,19648600,15440200
2024-05-14,186.3460235595703,170.9140625,411.9690246582031,187.2110023802185,171.75904593797182,412.8887677392151,185.2126171602605,169.41299051424886,407.01423099397886,186.42556271379902,170.57607519226138,407.47905225770086,52393600,18729500,15109300
2024-05-15,188.622802734375,172.8525390625,419.1718444824219,189.54741702859607,173.01755852407757,419.8951120945601,186.2863873072406,171.01346473943843,413.4155159621218,186.8232728469217,171.28187354287763,414.0397012631118,70400000,20958200,22239500
2024-05-16,188.74209594726562,174.39337158203125,417.1011962890625,189.99481870677727,175.2979980051797,421.4902982069247,188.5631442219314,173.02153635812834,416.4671238579369,189.36845732702145,173.56828942534028,417.90371168970796,52845200,17247300,17530100
2024-05-17,188.7719268798828,176.24237060546875,416.328369140625,189.70649303935699,176.44616106207522,419.01335772051186,188.08591490450098,173.94602303235814,414.1685137971008,188.4140082479681,174.51266213150154,418.63686307177926,41282900,16546400,15352200
2024-05-20,189.93515014648438,177.4054718017578,421.41094970703125,190.81006568993442,178.8866575608345,422.8277329316598,187.91689147556073,176.177768911966,416.1103638876109,188.23504809883084,176.26225814551978,416.32833286337484,44361300,17495100,16272100
2024-05-21,191.2375946044922,178.47909545898438,425.07684326171875,191.6153866469515,178.7574549003471,428.9705334710034,189.815856788038,176.26227672660164,420.9255450713884,189.98487181213304,177.34583230037447,422.88723589418726,42309400,14706000,21453300
2024-05-22,189.79595947265625,176.9481964111328,426.5431213378906,191.70486886169914,177.7951669108366,428.41567724259045,189.1696132758398,175.7354041885328,423.1844517072994,191.15804664976199,177.34582674011241,426.1171006588035,34648500,16189400,18073700
2024-05-23,185.7992401123047,174.0255584716797,423.0556640625,189.89540846653745,178.8469056242344,429.5947037930371,185.55068591274116,173.50862693286606,421.4902723328989,189.87551988281993,177.72357800199248,428.97051846736764,51005900,14928400,17211700
2024-05-24,188.8812713623047,175.28807067871094,426.18646240234375,189.4778074092878,176.25631435754266,427.07814273445496,186.95248867034007,174.16474297662478,420.4895772016025,187.72799159963486,175.47695039873872,423.2438961414034,36327000,11403600,11855300
2024-05-28,188.89125061035156,176.9680633544922,426.3450012207031,191.8838376427625,177.45515817956164,426.8403825578059,188.00639828711084,174.64187915859887,422.6593628632313,190.40244918609352,174.70153735326124,425.6613725566471,52280100,15655300,15718000
2024-05-29,189.1894989013672,176.3517303466797,425.2055969238281,191.13817040866115,177.17682766422985,426.959235835121,188.41401104911338,175.21846725831693,421.7577322025146,188.5134387924459,175.76522032038324,421.7577322025146,53068000,15023800,15517100
2024-05-30,190.18368530273438,172.534423828125,410.83953857421875,191.0685374632305,175.64593337313383,420.3805569661453,189.5275138813011,172.20637199253986,410.4134876792539,189.65675172235697,175.64593337313383,420.3805569661453,49889100,18826300,28394500
2024-05-31,191.13815307617188,172.93206787109375,411.2952880859375,191.4563096895504,173.3893412124344,412.90031868017155,188.81168973037515,169.95973047788317,400.7733939809139,190.33284000805318,172.37536419894676,412.90031868017155,75158300,28085200,47995300
2024-06-03,192.90786743164062,173.3893585205078,409.7001647949219,193.86232215027837,174.82085205453222,412.58328776743826,191.40660565779223,171.4309979452974,405.14268074171713,191.7843976924141,172.85255602956144,411.6916074194493,50080500,20742800,17484700
2024-06-04,193.2260284423828,174.0951690673828,412.22662353515625,194.19041988861153,174.1548121029323,412.5932008783865,191.91365507081835,172.1964515363877,405.89563568095855,193.51434462038463,173.41917927102895,408.62023297171766,47471400,14066600,14348900
2024-06-05,194.7372283935547,176.02371215820312,420.0932922363281,195.76127042413225,176.91838804924114,420.1626226445845,193.74301165159252,174.2542161073903,412.45449022904074,194.269945311189,175.49186979796482,413.95055154632206,54156800,15233900,16988000
2024-06-06,193.3552703857422,177.29612731933594,420.5985107421875,195.3635924798522,177.6540006687256,421.38122162993574,193.04706561878618,176.16286424103941,416.6949038401279,194.55827933508485,176.38155029529918,420.0932423972592,41181800,14255800,14861300
2024-06-07,195.75132751464844,174.91030883789062,419.93475341796875,195.80104138427978,178.35980582969552,422.3422993904052,193.0172315608974,174.75125063703723,419.09259912200673,193.5242766218339,177.4054869618251,422.2630516824485,53103900,14716300,13621700
2024-06-10,192.00314331054688,175.7860870361328,423.9176330566406,196.1589774177998,177.61729208316433,424.1256847583601,191.03875180216343,173.5468372773293,419.97441684803016,195.76128159599278,175.60693915876868,420.7769322189121,97010200,17099800,13982900
2024-06-11,205.9519805908203,177.33863830566406,428.68316650390625,205.9619324668351,177.5376796995729,428.82188778491104,192.51018190883102,174.60177737823386,421.3218074365333,192.53005531977516,176.87088267774155,421.54969372575147,172373300,14402400,14551100
2024-06-12,211.8377685546875,178.70208740234375,436.98577880859375,218.92652361101457,181.21005148050455,439.3041598174871,205.7034379048798,176.9305931844839,429.2479248102113,206.17072098738436,178.89118204119703,431.29881078427445,198134300,18600400,22366200
2024-06-13,213.00099182128906,175.89556884765625,437.5009765625,215.49647028335949,177.65710112522518,439.2942848532079,210.37626033331,175.81594925308312,435.31139947750404,213.49810017257707,176.99030410479574,436.7777391476236,97862700,15956900,15960600
2024-06-14,211.2611083984375,177.51779174804688,438.4818420410156,213.9256018265929,177.87607237330323,439.04658401937843,210.07798811856898,175.01183190829872,432.6858743754039,212.61324369392398,175.01183190829872,434.23146172147676,70122700,12361600,13582000
2024-06-17,215.4169464111328,177.9258270263672,444.2282409667969,217.6837594401996,179.06037974813532,446.774508213362,211.4897931914233,175.6467748275639,436.64891280244507,212.13602802573277,176.1344239957107,438.5016341053226,93728300,15272900,20790000
2024-06-18,213.0507049560547,175.60696411132812,442.2170104980469,217.3656172672209,178.05521754395593,445.9819268194956,211.7681719978675,174.7809278161781,440.7804227549636,216.3316233309755,177.93578054678056,445.55587588842855,79943300,15640300,17112500
2024-06-20,208.46734619140625,176.86094665527344,441.5829162597656,213.00098699569836,177.8860243226978,442.4052359389207,207.64215969704074,175.61691888549765,437.1938148300054,212.6927670816265,175.8657244394528,442.17734964919055,86172500,16753200,19877400
2024-06-21,206.2900390625,179.3987579345703,445.6252136230469,210.66458669732776,181.63999735588834,446.41781163119543,205.91223184266303,177.2092720142236,442.3854307142529,209.17326157128963,177.63722547985515,443.24738936292533,241805100,58903200,34187100
2024-06-24,206.93629455566406,179.92620849609375,443.53472900390625,211.4699209644532,181.21005359280775,448.5677899641911,205.39525540402906,179.36888651353593,442.286358388998,206.51872529912245,180.4138728237744,445.64502805126915,80727000,18198300,15913700
2024-06-25,207.86090087890625,184.69332885742188,446.784423828125,210.15753911842552,184.86251480101703,447.25008347754516,207.40355450398363,180.23970365125336,442.62320865306464,207.94042486793816,180.27952104144333,444.10935261048957,55549700,18797000,16413400
2024-06-26,212.01670837402344,184.4843292236328,447.98321533203125,213.6173978459433,185.04165121039085,449.4099158773303,209.42180221570723,183.110932952232,444.04988664900225,210.2768291728298,183.31992110432364,444.8524019262736,66213200,13375700,16507000
2024-06-27,212.86181640625,185.96722412109375,448.6668701171875,214.49233130131694,186.60416573269256,451.9562093572158,211.1219370597224,184.5639571501713,447.5968295279366,213.4484006592916,184.7580327717585,448.00304584092294,49772700,13025700,14806300
2024-06-28,209.4019317626953,182.5436553955078,442.82135009765625,214.82042530908265,185.6885612144105,451.1734714446709,209.08379028418835,182.44910807096684,442.28632983499693,214.52215724323335,184.83266950890877,448.88481228887935,82542700,23032400,28362300
2024-07-01,215.49649047851562,183.60853576660156,452.5110168457031,216.2520897818886,184.454465463433,453.1450891922846,210.69442153458442,181.85693510326212,441.5432675183624,210.86343656939636,183.59857382636062,444.5155553424217,60402900,11815900,17662800
2024-07-02,218.99609375,185.7184295654297,455.0374450683594,219.10545818233237,186.05680149471814,455.3445790550665,213.8559957714609,182.1853874478125,448.9244265313974,214.8999110603575,182.59343222565923,449.01362177266395,58046200,12555500,13979800
2024-07-03,220.2687225341797,186.49468994140625,456.5137023925781,220.2687225341797,186.72358679841545,456.76139305889615,217.76329209306175,184.49926454427174,453.65041401249385,218.72768354780237,185.40990137353026,453.957548019874,37369800,7409100,9932800
2024-07-05,225.03103637695312,191.04286193847656,463.240966796875,225.14040083639475,191.3414164524946,464.0236777303131,220.36815696069414,186.42503149573994,454.7303195449201,220.36815696069414,186.42503149573994,455.36439189726417,60412400,14303400,16000300
2024-07-08,226.50247192382812,189.56991577148438,461.9331970214844,226.53229721329785,190.76319226258218,463.37973235023577,221.95889400104966,188.41546958896834,460.16964060410885,225.7766827586142,190.45069711592777,462.24033104325304,59085900,12097600,12962300
2024-07-09,227.35748291015625,189.5301055908203,455.2950744628906,228.07332019577044,191.9385413323128,463.0130936996793,225.0608446065374,189.32110226093286,453.7692915232205,226.6118203351868,190.8338441563582,462.6861553304454,48076100,10198500,17207200
2024-07-10,231.6326141357422,191.73951721191406,461.9430847167969,231.73204187894612,192.3864055827935,462.1511364069266,227.9241899064988,189.7092553720072,454.6213342335764,227.97390377810078,189.83863912053747,456.9595498058476,62627700,12052900,18196100
2024-07-11,226.25392150878906,186.4051055908203,450.4997863769531,231.04603853364384,191.49069121720453,460.4866605260143,224.46432825800636,185.9274032266066,447.37885985942484,230.0518217466028,190.42579626256412,458.70329986086364,64710600,16452000,23111200
2024-07-12,229.20672607421875,185.88760375976562,449.3603820800781,231.29458734662404,187.78848183152007,452.1444226722039,227.357482286545,185.25066215077658,446.48717647887116,227.59609977127653,186.02693426217306,450.1331757277914,53046500,14449100,16324300
2024-07-15,233.04440307617188,187.29086303710938,449.7666320800781,235.8580383346859,188.99268444766693,453.03616716967895,231.7419815445035,185.59898838135626,447.26000362922343,235.11237576276483,185.59898838135626,449.112725062158,62631300,12186000,14429400
2024-07-16,233.4619903564453,184.61370849609375,445.36761474609375,234.9036016458956,189.43058004889969,450.1034589951911,230.9863851256273,184.23551922028437,442.53404808528967,233.64094209406048,188.05718381074823,450.0242112870306,43234300,12760100,17175700
2024-07-17,227.5563507080078,181.7474822998047,439.42303466796875,230.12143192510834,184.34501297780054,440.7407659095282,225.32929956891294,180.75226005054782,435.12312844393387,228.12304640695322,183.797637703532,438.5016326704633,57345900,17376600,21778000
2024-07-18,222.8834991455078,178.36373901367188,436.3021545410156,229.10730558155058,183.17066446932398,440.5426175824252,220.9845567217071,177.35856997341122,430.38730015927666,228.94822726389444,182.6630913853447,440.23548357189634,66034600,17877200,20794800
2024-07-19,223.01275634765625,178.5329132080078,433.0722351074219,225.4883615119168,181.10058835460111,437.0650374995757,221.9887143107171,178.00544664695926,428.00945262308335,223.5198165983548,179.50822673030132,429.09929755421246,49151500,14485900,20940400
2024-07-22,222.664794921875,182.4739990234375,438.8484191894531,226.4626951020567,183.41945708962345,440.493088848888,221.799816014305,181.0309146643325,434.8556468413205,225.69714393989972,181.47877680937106,437.70904816681343,48201800,16303900,15808800
2024-07-23,223.70867919921875,182.72279357910156,440.74078369140625,225.6275251901848,184.33504860936617,444.2480920401895,221.39215262314627,182.45407934542916,439.00694900358457,223.07238116072335,182.9616371771349,439.7995470523178,39960300,23772600,13107100
2024-07-24,217.27610778808594,173.53689575195312,424.9381103515625,223.499913948863,177.09979316518073,437.4019218843712,215.87427379105335,172.7407301149813,423.64021365061654,222.70453756630337,174.55202668074418,436.3814375263218,61777600,31250700,26805800
2024-07-25,216.23220825195312,168.35179138183594,414.5351257324219,219.57277716709376,174.36292680180097,425.82981495843836,213.3787958392943,168.24231633215,413.6533626134747,217.663867640833,173.4174687468147,424.8390522151794,51391200,28967900,29943800
2024-07-26,216.69949340820312,167.8740692138672,421.34161376953125,218.22064384945838,169.02853058164533,424.9579215661057,214.76075857434793,165.07253154698373,413.41551271082733,217.4352041073067,167.96365075090284,414.33694493801545,41601300,25150100,23583800
2024-07-29,216.9778594970703,170.31239318847656,422.78814697265625,218.0317267787177,171.33747091931275,428.15806348242296,214.50225443638584,168.90912613275006,420.77690004799786,215.7052633263403,169.6853982942399,427.59332152811265,36311800,13768900,15125800
2024-07-30,217.53463745117188,171.0388946533203,419.0133361816406,219.05578793157815,172.12368324954326,425.0866855808969,214.87012855591783,169.30720249002144,413.5046682551027,217.92238139381377,171.00903920101226,423.7689846137446,41643800,13681400,32687600
2024-07-31,220.79566955566406,172.32272338867188,414.485595703125,222.52561225525915,175.06954646783507,417.8839046232563,219.3540582246071,170.8995628862014,408.4022980048962,220.15937140820574,174.08427099128053,416.6157295335089,50036300,15650200,42891400
2024-08-01,217.09716796875,171.62606811523438,413.2569885253906,223.1817695634113,174.84063162092647,423.5113878535516,215.76492117798517,169.6953345864165,409.2741336141255,223.07240511518174,171.15831245883476,416.9030180044247,62501000,17177800,30296400
2024-08-02,218.58848571777344,167.5954132080078,404.71661376953125,224.29529507499745,169.39677815477577,411.16648811391514,216.45092586682142,165.5950220433498,400.60495493552725,217.88258518105536,167.38642504910325,408.6796642573762,105568600,18907800,29437900
2024-08-05,208.0597381591797,159.8724822998047,391.4998779296875,212.26527065556354,165.1471626241353,397.3354847916009,194.866477978878,155.85179157780124,382.0182715597293,197.9386040162881,156.61810168379614,385.57513628803423,119548600,34907800,40709200
2024-08-06,206.0315399169922,159.77296447753906,395.9186706542969,208.77558795019922,161.5743294063401,401.92272047285906,199.90717605667754,157.37449052925194,394.8189385631437,204.11270880558044,160.17604343746325,396.30508262297985,69660500,36146500,24946500
2024-08-07,208.6065673828125,159.98196411132812,394.7495422363281,212.40446750854989,164.00265500347186,406.2919206772892,205.19639601521322,159.4744062706463,393.79841858999345,205.70344110024527,162.46007278594325,404.865250325625,63516400,19334200,20650900
2024-08-08,212.07638549804688,163.0572052001953,398.97021484375,212.9612378528938,164.70927773325022,402.11091551932753,207.62229843313003,161.25585540820182,396.24561755012843,211.87754516998305,161.56835056938579,398.7225241806935,47161100,15733600,20203000
2024-08-09,214.9894256591797,164.59979248046875,402.26947021484375,215.5262960046125,164.72917622078774,404.2807173346427,210.7441160828828,160.16109496385226,398.54422293378025,210.8733691090516,160.87269034972158,400.2978620699852,42201600,13549200,19276700
2024-08-12,216.52230834960938,163.1666717529297,403.05218505859375,218.49313190431408,165.9035327207418,404.98418448253045,214.60125621149956,162.76858895923837,400.50591757780563,215.06908018890428,165.20189926850557,403.29987574188414,38028100,12435000,16762900
2024-08-13,220.24496459960938,165.13720703125,410.1856689453125,220.8620875715453,165.74429316110744,411.11698828818714,217.99542439436792,163.9827608577529,405.7866802044894,217.99542439436792,164.39577137564402,405.80648457334803,44155300,12717600,19414300
2024-08-14,220.69290161132812,161.255859375,413.0093078613281,221.99683071433236,164.1718684537156,413.8613794713292,218.6822548419691,158.76780375891238,408.6400711388976,219.548234966672,163.4254517688893,410.9683392009438,41960600,22515900,18267000
2024-08-15,223.6790008544922,162.39041137695312,417.89263916015625,224.3060872818483,162.73874523594782,417.972029702109,221.72807374055304,160.71844529990557,414.5477559984779,223.55956160665437,161.43500652889347,416.671793760154,46414000,18392500,20752100
2024-08-16,225.00283813476562,163.95291137695312,415.35174560546875,225.77922361016536,166.15234394400667,418.20035477297347,222.6139468974481,162.30083887346805,414.1904506066069,222.88270038911833,162.62926402314056,417.4658786225156,44340200,16853100,22775600
2024-08-19,224.84356689453125,167.5954132080078,418.388916015625,224.94310972106823,167.66508605156648,418.60727787010427,222.00676340736013,165.29645234474324,413.3566884761521,224.67435623990076,166.20210819569164,415.8380594178836,40687800,13100800,15234000
2024-08-20,225.460693359375,168.1527557373047,421.63458251953125,226.11763957317405,169.59582494285056,422.68668148594463,224.4056062095116,167.85418602921922,418.4981559756192,224.72413110884563,167.93380563043442,418.557706461252,30299000,12622500,16387600
2024-08-21,225.3511962890625,166.8291015625,420.9794921875,226.92387876417723,167.8342705134661,423.22263097030424,224.00745927475182,165.7741684645605,418.57751173597626,225.47065071716546,166.192159964543,420.9199114166435,34765500,15269600,16067300
2024-08-22,223.4898681640625,164.69932556152344,412.4534606933594,227.28221598709214,168.61054147594697,423.6097249060729,222.86278176595104,164.241516672691,411.5204628076481,226.7347608131935,168.23235218455866,421.1978093601494,43695300,19123800,19361900
2024-08-23,225.78916931152344,166.6300506591797,413.68426513671875,227.16278137803022,167.14757047076415,416.1358609497773,223.29080225181497,164.86851824613433,409.01927543893964,224.61464290366072,165.75426542328995,413.87285176004434,38677300,14281600,18493800
2024-08-26,226.12757873535156,167.12765502929688,410.4088439941406,226.2271215594374,168.57073935308924,414.17061105594456,222.8528263811224,165.52536188230883,408.274870910172,225.70952621277567,167.35158609633652,413.26738834241513,30602200,11990300,13152800
2024-08-27,226.97366333007812,165.5850830078125,410.7562561035156,227.7898720189865,167.44116278726227,411.2723704046003,223.84820980142854,165.36613289768596,407.19301072311185,224.9530683997657,166.80920212469354,409.7835476962891,35934600,13718200,13492900
2024-08-28,225.44078063964844,163.71405029296875,407.5403747558594,228.79516410710562,166.59024181530037,411.9075816112939,224.6345202420592,162.4998780060163,404.2748820734033,226.864148811834,165.98315567182416,411.7884806509906,38052200,15208700,14882700
2024-08-29,228.72547912597656,162.61929321289062,410.0416259765625,231.84098409749413,166.82909384063865,418.90507669309693,227.81970629152008,161.20806893331059,407.54041469455717,229.03405579277157,165.26658777613255,411.84807149198764,51906300,17133800,17045200
2024-08-30,227.9391632080078,164.32113647460938,414.0316467285156,229.33267166766268,164.49032242468166,414.37901443017955,226.42620031745173,162.62926178800114,409.05896964037805,229.123652992766,163.43538933253365,412.50311373853776,52990800,18498800,24308300
2024-09-03,221.73805236816406,157.85218811035156,406.3890380859375,227.93918848340573,162.5994020868109,416.7512462836699,220.1454580764442,157.10079051671096,403.99699269665393,227.49127608514226,162.53471021638023,414.79592463376775,50190600,26533100,20313600
2024-09-04,219.82691955566406,157.0560302734375,405.8530578613281,220.75260404502964,159.6336524111022,408.1756176150405,216.47252073588626,156.68780287831035,401.356814564364,220.6331648046219,157.31976357808833,402.8853476688359,43840200,17410700,15135800
2024-09-05,221.349853515625,157.8422393798828,405.34686279296875,224.43548398740054,160.24569419514802,410.021757358501,220.4938367652657,156.767397633428,403.10369367639237,220.60332780966414,157.0261499260267,404.5825811257243,36615400,14139500,14195500
2024-09-06,219.7970733642578,151.4031524658203,398.7067565917969,224.19659618640478,158.4592739545079,407.5900477606274,218.75193438162455,151.20907685487566,397.81343868271165,222.9125635200513,157.93180742316588,406.0118992328487,48423000,24999100,19609500
2024-09-09,219.8866424560547,149.0214385986328,402.6967468261719,220.24497537072617,154.10375958652725,405.6049064318399,215.7061019102892,147.68608891991994,399.1533416913916,219.79706302441255,153.09726740287832,404.2054095225525,67180000,28057700,15295100
2024-09-10,219.09034729003906,149.48980712890625,411.1135559082031,220.45399594379384,151.77187464600306,413.2276585385216,215.72600018375593,149.0244312819417,404.6619913629379,217.905857501112,150.92481609573323,405.1582655587275,51591000,20401800,19594300
2024-09-11,221.62852478027344,151.62237548828125,419.8876953125,222.05652550259597,151.95123295490748,420.83059814465895,216.88061769002928,148.18434227300756,406.527971667463,220.4340868524661,150.5660537380805,412.4038716868024,44587100,18991500,19266900
2024-09-12,221.73805236816406,155.00062561035156,423.81817626953125,222.5144379086487,155.0703901694335,424.18541433930886,218.80172088165384,152.9677064304605,416.62220020874884,221.4692988539641,154.27316129669887,420.1556701684846,37455600,20980800,17395700
2024-09-13,221.4692840576172,157.82081604003906,427.38140869140625,223.00214343080088,158.72267655824004,428.61215900524985,220.8820208371711,155.5686585082356,422.2896305914577,222.54428285449177,155.8197835538955,422.65686865025475,36766600,16733900,15874600
2024-09-16,215.3179168701172,158.4386749267578,428.1258239746094,216.21374159471785,158.68780800030433,430.2995073976486,212.92902562434276,157.0634554949007,425.0290778075874,215.5368837592455,157.78095996318476,427.3913478501723,59357400,14157600,13834700
2024-09-17,215.7857208251953,159.72418212890625,431.9074401855469,215.8952118613641,161.0296368970047,438.5575267353336,213.50633585708556,158.85720396814236,429.0488958810436,214.75054527350213,159.53483857520496,436.949603136594,45519300,12064800,18874200
2024-09-18,219.66766357421875,160.2523651123047,427.59979248046875,221.67831024616868,161.06952893986823,432.78089656665435,216.5322467283196,159.10635898971154,427.20277916114134,216.54221012404864,160.29223492168077,431.75857288155333,59894900,16756500,18898000
2024-09-19,227.8097686767578,162.67391967773438,435.4210510253906,228.75538000957175,164.41785100496014,438.21010954856746,223.58941994126667,161.9584072561854,433.64438094484007,223.94775287051627,164.24844235787742,437.94213239056506,66781300,17548200,21706600
2024-09-20,227.1428680419922,164.06907653808594,432.02655029296875,232.01021467188832,164.17869569883612,435.966968827051,226.56555305015522,162.61413269593567,430.98438654289276,228.90467282845125,163.94949752849521,433.96203187473805,318679900,46362700,55167100
2024-09-23,225.42088317871094,162.50453186035156,430.2796936035156,228.38707413181643,166.0322495638778,433.2076933933247,224.7639369712135,162.3849376425891,427.182947247431,226.2868480598011,164.76664926653692,431.04394501505726,54146000,15648400,15128900
2024-09-24,226.31671142578125,163.07254028320312,425.9720153808594,228.28755007923567,163.97938829958474,430.1208604741096,224.6843092769655,161.4681227180186,422.9248844858402,227.59078065470555,163.68042557699044,429.77346247181356,43556100,18774100,17015800
2024-09-25,225.32135009765625,162.4248046875,428.8901062011719,226.2370864319121,163.64753959851393,429.8925898519273,222.98224544035924,162.21053868701378,425.3765064150849,223.88801837861104,162.4048697838993,426.6270968939567,42308700,13607900,13396400
2024-09-26,226.4660186767578,163.2618865966797,428.0960388183594,227.44147457763864,164.92609369322952,432.05629715674354,224.36579263659118,162.9330291168763,425.93229062231114,226.24703661091274,164.45772230131644,431.847870478453,36636700,18234500,14492000
2024-09-27,226.73475646972656,164.71681213378906,424.8305358886719,228.45675318264773,166.39099425359143,428.6320130497984,226.24703611440785,163.26188353562077,424.2846464096371,227.40166606122023,163.34160794188523,428.30445513023994,34026000,13604300,14896100
2024-09-30,231.920654296875,166.6102294921875,427.0935363769531,231.920654296875,166.77963815016724,427.21266762088106,228.58616671135624,164.0690692107404,422.20028035570283,228.9743594736852,164.20858311765755,425.0191139919029,54541900,14070100,16807300
2024-10-01,225.16209411621094,167.83596801757812,417.55517578125,228.5861456381701,169.8489675197396,425.28713605707173,222.70353511874544,165.32470236578393,415.6891800010871,228.45675818805825,168.2744446621951,425.25736081760834,63285000,18629500,19092900
2024-10-02,225.72946166992188,166.7298126220703,414.0217590332031,226.31672490502262,168.29437559381142,419.6693623993433,221.98688498556473,165.67349084272,413.6048753371549,224.84358511910924,167.1782491049807,419.4311301629545,32880600,12745000,16582300
2024-10-03,224.6245880126953,166.6301727294922,413.4361267089844,225.75930638603796,167.32774229896964,416.4236768512481,222.28548343692833,164.79654173931067,411.20289276743637,224.09704443839323,165.2449934394312,414.51800085029123,34044200,11004300,13686400
2024-10-04,225.74935913085938,167.97547912597656,412.959716796875,226.9437971307691,168.96205155988855,416.62222309915006,223.09172964492672,166.38103659730547,411.87784259208183,226.8442543024003,168.75277308995237,415.1234652064613,37245100,11422100,19169700
2024-10-07,220.66302490234375,163.8199462890625,406.4883117675781,224.6444949275546,169.31083385834447,414.0018807182257,220.30469199255066,163.56085336185615,405.9523271087282,223.46000516495792,168.55347477474996,412.9001664479973,39505400,14034700,20919800
2024-10-08,224.72413635253906,165.12539672851562,411.6197509765625,224.93315503301397,165.5240187663917,412.5626841012525,222.2158058701156,163.7402174593827,405.1285060524599,223.26094483680066,164.85632875368378,407.83814388099404,31855700,11723900,19229300
2024-10-09,228.47665405273438,162.4945526123047,414.3492431640625,228.68568791487783,165.68345289594726,417.247497795826,223.78848153487698,160.56127753869376,411.2127866111198,224.18662246797504,164.28332624636454,412.7611596791307,33591100,19666400,14974300
2024-10-10,227.9789581298828,162.6141357421875,412.7413330078125,228.43683384781116,163.74122571102308,414.2400908209317,226.11762582538967,161.07948266881212,410.0713753239967,226.7248005882391,161.54785407298462,412.13589300844654,28183500,12900500,13848400
2024-10-11,226.4958953857422,163.94949340820312,413.2177734375,228.34727968813561,164.69689261111412,414.02173524996044,226.28686151162026,161.93649396405095,410.1706424598083,228.23778864704394,162.76361757331088,413.03912198810315,31759200,10946000,14144900
2024-10-14,230.228515625,165.77316284179688,416.0167236328125,230.65651637799863,167.03874798063788,420.88020441582967,227.54102629778745,164.20859975029586,414.40876988651684,227.64055393917852,164.3381538219398,414.65690697024394,39882100,9981800,16653100
2024-10-15,232.76670837402344,166.32122802734375,415.6197204589844,236.3898456598821,168.5036361085776,419.3318721896264,231.29355345996072,165.47418473029845,412.1656713035286,232.52781469355565,166.56040124373772,419.0340894861109,64751400,14829300,18900200
2024-10-16,230.70626831054688,166.16180419921875,413.0192565917969,231.04468960128423,166.69992496042366,413.2574585271856,228.77525301100687,164.64308687838846,407.421299078938,230.52710945831018,165.45425956276037,412.0763537374333,34082200,9968500,15508900
2024-10-17,231.07456970214844,163.93951416015625,413.61480712890625,232.76670668063704,167.347652613545,419.3517361779106,229.4521309302649,163.80000025408333,412.49322249104364,232.348638945834,166.79957204346408,419.2127648503068,32993800,15113400,14820000
2024-10-18,233.91136169433594,164.4776611328125,415.0440368652344,235.0858880500012,165.79307587756512,416.52292426802023,232.92594240501305,164.17869839804442,413.1582009892299,235.0858880500012,164.29827740960113,414.0316484156336,46431500,13091300,17145300
2024-10-21,235.38450622558594,165.22506713867188,415.659423828125,235.75280253487685,165.6436089021509,415.8380752730999,233.36391138062547,163.73524093121017,410.6669065146117,233.36391138062547,164.00929645176177,413.01924141063614,36254500,11384000,14206100
2024-10-22,234.7673797607422,166.2415313720703,424.32440185546875,235.125712669187,166.88927130726915,427.37150260733677,231.52248717012162,164.0989777289574,414.92496672704124,232.80650456565562,164.128872482528,415.37159535996557,38846600,11958600,25482200
2024-10-23,229.69100952148438,163.9096221923828,421.4360656738281,234.05072423456664,167.01881318974742,427.86776005710016,226.7049068825192,163.065559244841,419.3814831724278,232.99563706556216,165.85285706206346,427.6493981928425,52287000,12754300,19654400
2024-10-24,229.5018768310547,163.95945739746094,421.5650634765625,229.75071868986194,164.47765844887786,422.805748890155,227.3518795258155,162.20556603111856,419.25240890313023,228.9145985013122,164.01924690226363,422.16056824294986,31109500,12764400,13581600
2024-10-25,230.3380126953125,166.41091918945312,424.9595947265625,232.13962556438537,166.81948583900834,429.29702642206786,228.5065400142299,164.65701276843643,423.3913815699701,228.6757506783198,164.79155434851998,423.5799681906594,38802300,14566400,16899100
2024-10-28,232.3187713623047,167.75624084472656,423.4112548828125,233.64261197661628,170.01438944494484,428.7213953393787,231.47271808946843,165.2150804822965,423.1234073407083,232.23915532682838,169.99843848112795,428.4434829749879,36087100,20858300,14882400
2024-10-29,232.5875244140625,170.54652404785156,428.7312927246094,233.2444706163013,171.26402846493147,429.94220298203743,231.24378738741356,168.0751283922846,422.62709584345464,232.0201728307493,168.79760513048487,424.8107144355948,35417200,28916100,17644100
2024-10-30,229.03407287597656,175.52919006347656,429.3069763183594,232.38845656475567,183.1526557004326,435.2324917274877,228.48661770128336,175.13555556673,428.880187758029,231.5324398883544,181.77745153420008,434.18039280239805,47070900,49698300,29749100
2024-10-31,224.8634796142578,172.09115600585938,403.3220520019531,228.76531846185907,177.8012815181652,413.05894946974416,224.32597264925337,171.96160194799086,403.2724064074055,228.27758291037028,174.11411524890076,412.2648925685448,64370100,32801900,53971000
2024-11-01,221.87738037109375,172.05128479003906,407.31207275390625,224.30607958110733,173.21724088954517,412.40385077597955,219.2496106921502,169.71940300277728,404.4634637574288,219.9463649274566,170.94513339774178,405.9622215000355,65276700,21752900,24230400
2024-11-04,220.98153686523438,170.088134765625,405.4162902832031,221.75792231303782,171.32384035785597,407.3617068567998,218.69220372782075,168.8972865104651,402.54784130454914,219.96627293386246,170.64620565642016,406.7463014364753,44944500,16194000,19672300
2024-11-05,222.41488647460938,170.8155975341797,408.39398193359375,222.91257027302564,171.5002116658229,411.808351068097,220.11558975602287,169.77919547335438,405.0391632836315,220.77253601507735,170.23760700138777,405.32701081903,28111300,12518300,17626000
2024-11-06,221.68824768066406,177.71160888671875,417.0489807128906,225.02273483375984,178.0205314702605,417.31698816741806,220.16533664224426,174.43300906747453,407.4609595048601,221.57875664968802,174.74194685689258,409.346825702744,54561100,27061500,26681800
2024-11-07,226.42620849609375,181.6479034423828,422.2598876953125,226.82436463330757,181.946866168645,423.66931984829637,223.52970043689453,178.2696596091349,416.75125581106414,223.5894200604507,178.4888979280021,418.1408176089653,42137700,16730400,19901800
2024-11-08,226.15716552734375,179.23631286621094,419.3913879394531,227.8511489598711,181.71768394425402,423.3218709209174,225.60910803907555,178.94732516919095,418.6370415012291,226.366414165256,181.36889153203384,422.15067113853826,38328800,15021500,16891400
2024-11-11,223.4368133544922,181.3389892578125,414.8951721191406,224.90161465065876,181.45359594984726,421.6444892164841,220.7164746065314,179.36585950258848,412.90014011467326,224.20409384410638,179.44558391367224,419.37154486777723,42005600,12503400,24503300
2024-11-12,223.4368133544922,182.68429565429688,419.87774658203125,224.79200315214243,183.38683749509173,421.27724345465793,222.5698957238352,180.3623737343035,414.09120276331856,223.75568869738083,180.7510206956661,415.1333664626366,40398300,14065800,19401200
2024-11-13,224.3236541748047,179.86412048339844,422.0316162109375,225.84824072641777,181.98175162304454,426.1308158963339,221.97200184604,179.49539319202896,415.09368189625457,223.2175800878685,181.51835254660904,418.4981461257373,48566200,13969700,21502200
2024-11-14,227.41270446777344,176.73500061035156,423.7090148925781,228.06039910056816,179.81926914040582,424.9794756745813,224.20409355692922,175.41957074160206,416.87034165331505,224.22402706703753,179.12667192787285,421.83308381585454,44923900,17925800,30246900
2024-11-15,224.2041015625,173.2869873046875,411.9075927734375,226.11730807125568,175.27009189862946,419.64945830467593,223.47668806811174,172.14595365397622,410.5577414665236,225.59914322363005,175.03091869147002,416.69168340974903,47923700,21708900,28247600
2024-11-18,227.2134246826172,176.18690490722656,412.6619567871094,228.9273417095955,176.2965240630027,415.28226896658396,224.37349996104592,173.81515328545728,409.0292257942814,224.4532188000698,174.34830168881726,411.77857411978533,44633700,18662800,24727000
2024-11-19,227.4724884033203,178.95726013183594,414.67681884765625,229.34584301691135,179.54521049958376,414.82569505476647,225.8582238051146,174.50873574514665,408.48329602030253,226.17708394083317,174.6273263652797,410.03166915459735,36211800,15392900,18133500
2024-11-20,228.18994140625,176.71507263183594,412.3939208984375,229.11664435033194,178.48889888977342,414.18052617467214,225.0909420304879,174.72200805384992,407.52050466835993,227.25326410482543,178.20987106532547,413.76364252316546,35169600,15729800,19191700
2024-11-21,227.71165466308594,168.6531219482422,410.61370849609375,229.3458528412815,174.97113270704511,417.48594978990576,224.91159698015457,164.73674233388783,408.047821251109,228.07038183414417,174.84656617691473,417.2074811714516,42108300,38839400,20780200
2024-11-22,229.05686950683594,165.99237060546875,414.7211608886719,229.90386885981255,167.68148472401768,415.11896888171356,227.2532745036032,165.13535233232582,408.81361962204943,227.2532745036032,166.58032093547257,409.1219230929671,38168300,24497000,24814600
2024-11-25,232.04624938964844,168.8424530029297,416.5013732910156,232.42491005721112,169.86889521703444,418.778836873561,228.92733167542056,166.81949373771081,412.58290247238904,230.64124862727573,167.40745932580006,416.09361024787086,90152800,21395700,27691100
2024-11-26,234.22850036621094,170.02833557128906,425.6510925292969,234.73670603206307,170.9003013307693,426.69537265560376,232.50462429580293,168.84245970545572,416.5610569682543,232.50462429580293,168.90226441618458,417.29700327286355,45986200,14937500,23458900
2024-11-27,234.0989532470703,170.22764587402344,420.6784362792969,234.85627456038557,170.5465282862755,424.895286183322,232.98291999142185,169.0816246654878,419.7137359172663,233.6405889619916,170.08811676168617,422.78684605590655,33498400,12433400,18332400
2024-11-29,236.490478515625,169.8988037109375,421.1458435058594,236.96877632211965,170.27747565922797,422.55809676444443,233.14236346053607,168.16483196940402,415.51677094971404,233.97938842310504,169.47028689871513,417.7942649272981,28481400,9250700,16271900
2024-12-02,238.7424774169922,172.38015747070312,428.6247863769531,239.93822952974793,172.99801785273627,430.63373653101576,236.32108052902282,169.6795633828964,419.00761775180223,236.4306920263062,169.729393040365,419.2662066130162,48137100,16593400,20207200
2024-12-03,241.79165649414062,172.42002868652344,428.84356689453125,241.90126799408412,173.71552376190024,430.1066156030698,238.05492154808562,171.91178746442176,425.40245343840513,238.96170621081686,172.51967279639754,427.4909833141871,38861000,15721500,18302000
2024-12-04,242.15037536621094,175.47935485839844,435.0295715332031,243.24649032811607,175.8181721635722,437.2672755840065,240.39660663197557,172.1509408951326,430.26573974460115,242.01087120786053,172.18083564524355,430.6635477279166,44383900,18239800,26009400
2024-12-05,242.18028259277344,173.70553588867188,440.20111083984375,243.67497660990782,177.09375469777737,442.22997089475297,241.27351311137042,173.40657316935733,433.7863778049247,243.1269343008096,176.70510772443114,435.5268141893356,40033900,16145500,21697800
2024-12-06,241.98098754882812,175.87799072265625,441.14593505859375,243.7646642163996,176.2257795214318,443.6621076103015,241.22368140458013,172.9481833340205,439.3557536946216,242.05074723300527,173.277040817018,439.88285607578405,36870600,13319500,18821000
2024-12-09,245.8771514892578,176.68609619140625,443.58251953125,246.36542364679892,177.62388647962067,445.8798931073043,240.89483838917155,174.99005717397944,438.09269688925554,240.97455722335047,175.30432340630412,440.18122659952354,44649200,19887800,19144400
2024-12-10,246.8935546875,186.09405517578125,440.9072570800781,247.33200068563022,187.59054949085362,447.16289170564096,244.47214254503118,182.24307586273662,439.1867306857862,246.0166626912396,184.1037226081358,441.96149226752044,36914800,34317400,18469500
2024-12-11,245.6180877685547,196.25025939941406,446.5363464355469,249.91283942191654,196.42983139934515,447.8889300799693,245.38889040813984,185.82467078490077,441.62334015579273,247.08288910248365,186.26364486001205,441.62334015579273,45205800,41664500,19200200
2024-12-12,247.0828857421875,193.17745971679688,447.10321044921875,247.8601253939288,196.24526989145363,453.66714837494953,244.81093690846672,192.82827163510754,446.65565750056305,246.01666340683192,195.8412176609105,446.65565750056305,32777500,25197800,20834800
2024-12-13,247.25228881835938,190.93270874023438,444.8257141113281,248.4081739675946,193.88578206005207,448.9629838704377,245.36897496771653,190.81297885426133,443.14494732322726,246.94338782137353,192.25960207158442,445.98933356109154,33155300,18883200,20177800
2024-12-16,250.15196228027344,197.69686889648438,449.12213134765625,250.49077111704125,200.1710684380182,449.7089034526842,246.7739547032778,193.65633141386007,442.8466168869823,247.11276354004562,193.91074030543086,444.82573215231423,51694800,32248600,23598800
2024-12-17,252.58334350585938,196.6593017578125,451.9764404296875,252.93211150871377,202.40584968133783,452.80192160914675,248.89643481128522,196.23031402711658,447.1131792784758,249.1953766416157,198.0660100701861,448.5453123373024,51356400,24129500,22733500
2024-12-18,247.1725616455078,189.70558166503906,434.999755859375,253.38051965426092,198.2256307864751,450.17634202962637,246.86366065893745,188.83761987145812,434.6317523490202,251.26802371656945,196.36997730758958,448.8536235978926,56774100,27638400,24444500
2024-12-19,248.90638732910156,189.2566375732422,434.6416931152344,251.10857637552834,194.14519461975692,440.7580781855559,246.21594133746913,189.07706556926655,433.9355816606558,246.62449465453676,192.82827236476155,439.2066057877418,60882300,26981200,22963700
2024-12-20,253.5897674560547,192.509033203125,434.21405029296875,254.0979578981185,193.68127489145218,441.31501544447383,244.82089371115717,185.9344233506523,426.28760397482347,247.16257165125242,186.57292697557446,430.74310199904505,147495300,45319700,64263700
2024-12-23,254.3670196533203,195.53195190429688,432.8714294433594,254.7456651132031,196.0307833406558,435.25830776300677,252.55345036958022,191.18214117032196,430.4646409959487,253.8687883386418,193.57652597559388,434.35327712310794,40858800,15235900,19152500
2024-12-24,257.2866516113281,197.10824584960938,436.9291076660156,257.2965955586333,197.20800299530168,437.1976515770788,254.38692663500538,194.74178044259557,431.817212852652,254.58623131585566,195.7115088017816,432.27469051669533,23234700,6809800,7164500
2024-12-26,258.1037292480469,196.63934326171875,435.7157897949219,259.1799258751944,197.69686339021348,438.5303413291557,256.7186620602343,195.41220706148326,434.24389716434194,257.27667867815336,196.280184046086,436.6804901261448,27237100,7907900,8194200
2024-12-27,254.6858673095703,193.58648681640625,428.1772155761719,257.78488174803636,196.34004594129468,432.8415878431465,252.16481819720389,191.52332692544056,424.020065946368,256.91793375888693,196.0108153840525,432.22498090820386,42355300,14693000,18117700
2024-12-30,251.307861328125,192.23965454101562,422.5083312988281,252.60326573181473,193.32710338004287,425.21346797282456,249.86299361835324,189.91509830350097,419.5943507529856,251.33775398934142,190.41892290770127,423.7316203926744,35557500,12209500,13158700
