Date,Ticker,Close,High,Low,Open,Volume
2024-01-02,AAPL,184.08151245117188,186.85800888690832,182.34620407017263,185.57883023572916,82488700.0
2024-01-02,GOOG,138.73532104492188,139.78409481296455,136.92608352762693,138.77509317462506,20071900.0
2024-01-02,MSFT,366.1055603027344,371.070940478164,362.0582255182153,369.0571391968686,25258600.0
2024-01-03,AAPL,182.7031707763672,184.3194913216633,181.8900476382689,182.6734238450404,58414500.0
2024-01-03,GOOG,139.53060913085938,140.25629129161408,137.6120056714196,137.78101448467874,18974300.0
2024-01-03,MSFT,365.8390197753906,368.4648511739828,363.77587298911,364.2694496401492,23083500.0
2024-01-04,AAPL,180.3828125,181.552898769594,179.36146088139282,180.62078794157884,71983600.0
2024-01-04,GOOG,137.22430419921875,139.80397135530865,137.1944826850485,139.02362150968963,18253300.0
2024-01-04,MSFT,363.2131652832031,368.30687961312606,362.4530681341208,365.9081044717195,20901500.0
2024-01-05,AAPL,179.65895080566406,181.22568820887324,178.6574354024576,180.46216340525032,62379700.0
2024-01-05,GOOG,136.5781707763672,137.98977826804722,136.04136827560893,137.53449196269077,15439500.0
2024-01-05,MSFT,363.0256652832031,367.2802940556776,361.7917235249325,364.2299936442964,21004600.0
2024-01-08,AAPL,184.00218200683597,184.0418546715341,179.97626898919978,180.56131218264795,59144500.0
2024-01-08,GOOG,139.69961547851562,139.8089661018843,137.06528023639635,137.18456630966188,17645300.0
2024-01-08,MSFT,369.87646484375,370.3799226566514,364.26944144422686,364.5556942050089,23134000.0
2024-01-09,AAPL,183.585693359375,183.5956039593173,181.1959224035276,182.37593441619447,42841800.0
2024-01-09,GOOG,141.71759033203125,141.95617759872704,138.9639544073305,139.23236318628545,19579700.0
2024-01-09,MSFT,370.9623718261719,371.1597844240442,366.4214603176876,367.23093330789527,20830000.0
2024-01-10,AAPL,184.6268768310547,184.8351053395885,182.3759299825551,182.8023278606972,46792900.0
2024-01-10,GOOG,142.95030212402344,143.67100906485368,141.61822370064812,141.67786673921324,16641900.0
2024-01-10,MSFT,377.8526611328125,379.2346998654404,371.4855403668981,371.5348859821227,25514200.0
2024-01-11,AAPL,184.0319061279297,185.47965559618967,182.07844372761645,184.97392753345,49128400.0
2024-01-11,GOOG,142.82106018066406,145.79339789850505,141.37465587409704,144.03882779158968,17471100.0
2024-01-11,MSFT,379.6888122558594,385.66107820004805,375.4934103589662,381.0412075766554,27850800.0
2024-01-12,AAPL,184.3591461181641,185.17226924419936,183.63527891547236,184.49797017252533,40477800.0
2024-01-12,GOOG,143.38768005371094,143.88472551472387,142.51287518836864,143.48708004473932,13998700.0
2024-01-12,MSFT,383.4794616699219,383.6867554375117,379.7085286566561,380.5377338525445,21661200.0
2024-01-16,AAPL,182.08837890625,182.71307958868687,179.41103406753936,180.63071876275188,65603000.0
2024-01-16,GOOG,143.2286376953125,144.97823245073823,142.21068641572148,142.58246942340713,19198900.0
2024-01-16,MSFT,385.2563171386719,388.9680232792621,382.6403668536405,388.6027813692521,27202300.0
2024-01-17,AAPL,181.14633178710935,181.3942329517824,178.78632298828933,179.74818071767538,47317400.0
2024-01-17,GOOG,142.045654296875,142.56258583466206,139.67971299760342,142.0655403629579,17884500.0
2024-01-17,MSFT,384.4666137695313,385.09837624388496,379.8664755752944,382.99576492837696,22234100.0
2024-01-18,AAPL,187.04640197753903,187.55211493445296,184.26990575318283,184.52771753168437,78005800.0
2024-01-18,GOOG,144.1332550048828,144.72474034471793,142.50294642304615,142.59241096975455,18876800.0
2024-01-18,MSFT,388.81005859375,388.92851216757646,385.1082337840364,386.6876850612864,23392100.0
2024-01-19,AAPL,189.9517974853516,190.33852272040096,187.23481023986653,187.74052319933503,68903000.0
2024-01-19,GOOG,147.09564208984375,147.16522057008055,144.9384665045121,145.44047212985262,27181000.0
2024-01-19,MSFT,393.5484313964844,393.5484313964844,388.44483542424194,390.6758115906089,29331100.0
2024-01-22,AAPL,192.26223754882807,193.69015075906108,190.64591702187172,190.68558968364889,60133900.0
2024-01-22,GOOG,146.83718872070312,149.12856120157485,146.70795203635896,147.8312797236583,21829200.0
2024-01-22,MSFT,391.4161987304688,395.4733846867512,388.5336975880605,394.8810866300338,27016900.0
2024-01-23,AAPL,193.54139709472656,194.10661903356933,192.20273983497611,193.3827518428589,42355600.0
2024-01-23,GOOG,147.8014373779297,147.98038163929337,146.32025154817293,146.8471185460712,14113600.0
2024-01-23,MSFT,393.7754821777344,394.2493266512468,388.8693286128031,390.665955016982,20525900.0
2024-01-24,AAPL,192.86712646484372,194.73134826169684,192.7084660713482,193.77940103141137,53631300.0
2024-01-24,GOOG,149.46160888671875,150.67440129036194,148.95461269766793,149.40195067670388,19245000.0
2024-01-24,MSFT,397.388427734375,400.4189955779341,395.3055487437025,396.38154221940175,24867000.0
2024-01-25,AAPL,192.53990173339844,194.622277860624,191.48880306885755,193.5810897970112,54822100.0
2024-01-25,GOOG,152.73214721679688,153.8455243308292,150.32644871333386,150.84338030283124,21495100.0
2024-01-25,MSFT,399.6687927246094,401.7813154634368,397.3588573808602,399.1258704041607,21021200.0
2024-01-26,AAPL,190.80458068847656,193.1249321296598,190.3286146537771,192.63905549468925,44594000.0
2024-01-26,GOOG,152.88124084472656,153.1993572303287,151.89710051009624,151.96667898905662,19494500.0
2024-01-26,MSFT,398.7408142089844,400.9520580251764,397.260084299944,399.1751640590117,17803300.0
2024-01-29,AAPL,190.12039184570312,190.58644733122568,187.9884474907554,190.3980399906073,47145600.0
2024-01-29,GOOG,153.92503356933594,154.28290690532094,152.01638083362383,152.7321275055938,20909300.0
2024-01-29,MSFT,404.4564514160156,404.71312091427023,399.13568066698633,400.8434667217464,24510200.0
2024-01-30,AAPL,186.4613342285156,190.18977744614463,185.89612743839436,189.33699683048337,55859400.0
2024-01-30,GOOG,152.1456298828125,154.12386125577916,151.87224575789702,153.09994874398615,26578900.0
2024-01-30,MSFT,403.3410034179688,407.74369913947424,401.2285108107696,406.9638696451577,33477600.0
2024-01-31,AAPL,182.85189819335935,185.52924295226455,182.80233006356883,185.4697339612798,55467800.0
2024-01-31,GOOG,140.9621124267578,144.72971079205195,140.71358966689704,144.53089561788846,43908600.0
2024-01-31,MSFT,392.472412109375,409.9845328662981,392.1071701932433,401.7319152692152,47871100.0
2024-02-01,AAPL,185.29124450683597,185.3804852934909,182.2767730445643,182.44534401847451,64885400.0
2024-02-01,GOOG,141.86672973632812,143.7654319706896,141.41937666261583,142.8409346447498,25526900.0
2024-02-01,MSFT,398.5927429199219,402.7585308905264,396.6381686159988,396.6677820088373,30657700.0
2024-02-02,AAPL,184.2897491455078,185.75731994134992,177.74515173237538,178.35003123610636,102551700.0
2024-02-02,GOOG,142.69180297851562,143.02980541709115,137.35353962963936,140.0574681265023,42136100.0
2024-02-02,MSFT,405.9371337890625,407.3487556129593,398.3755367797246,398.6223250758824,28256700.0
2024-02-05,AAPL,186.10438537597656,187.66121220628372,184.27983613833493,186.5704408518845,69668800.0
2024-02-05,GOOG,144.0736083984375,145.80333228377611,143.05964645023528,143.18886797189305,29254400.0
2024-02-05,MSFT,400.438720703125,405.8779448983845,398.800042648597,404.63412212946537,25352300.0
2024-02-06,AAPL,187.71078491210935,187.7206955127049,185.2020260688322,185.291266866256,43490800.0
2024-02-06,GOOG,144.55075073242188,145.8728933519984,143.66601050351696,145.09750372076138,21517700.0
2024-02-06,MSFT,400.2807922363281,402.72894332826615,397.7339499122829,400.6657964934495,18382600.0
2024-02-07,AAPL,187.81985473632807,189.4460858813363,187.02656792958788,189.0395243124124,53439000.0
2024-02-07,GOOG,145.81324768066406,146.13136405342033,144.35194799526352,145.25655919696413,21436100.0
2024-02-07,MSFT,408.7308044433594,408.97759276390855,402.1662411418564,402.2057357082919,22340500.0
2024-02-08,AAPL,186.739013671875,187.9487575459241,185.77715585449096,187.8000228857875,40962000.0
2024-02-08,GOOG,146.35006713867188,146.73776199253567,145.55479136523687,146.10154440751242,18241300.0
2024-02-08,MSFT,408.7900695800781,410.2214540237569,407.23038050312016,408.7308427876322,21225300.0
2024-02-09,AAPL,187.50352478027344,188.63539609029752,186.6595791337662,187.304938639922,45155200.0
2024-02-09,GOOG,149.3323516845703,149.80455097844663,146.55882929176255,147.075760860539,21877700.0
2024-02-09,MSFT,415.1472778320313,415.4138284838294,409.7574296442869,409.9153777757717,22032800.0
2024-02-12,AAPL,185.8156280517578,187.32479480430877,185.45819421957455,187.0765772861258,41781900.0
2024-02-12,GOOG,147.8511505126953,149.70016038356613,147.68215686255323,148.65636179751206,17236100.0
2024-02-12,MSFT,409.92529296875,415.3348738248099,409.4218351407045,415.1571934592156,21202900.0
2024-02-13,AAPL,183.7206878662109,184.8823592862032,182.2015977323704,184.44549399150463,56529500.0
2024-02-13,GOOG,145.50509643554688,147.1652266037895,144.25254722231065,145.20688126712756,18138500.0
2024-02-13,MSFT,401.1001586914063,404.8019837750344,398.2078065895252,399.7378822405464,27824900.0
2024-02-14,AAPL,182.83702087402344,184.2071864451767,181.139221505416,183.9986922104331,54630500.0
2024-02-14,GOOG,146.27053833007812,146.9564634963974,144.69489753725608,146.49917499597663,16651800.0
2024-02-14,MSFT,404.9769287109375,405.3230773353537,400.111169801605,403.5725956832902,20401200.0
2024-02-15,AAPL,182.5490875244141,183.17460050228615,180.05698915939104,182.2413002337134,65434500.0
2024-02-15,GOOG,143.08944702148438,143.90459367435523,141.04162218804532,143.6063785383192,26724300.0
2024-02-15,MSFT,402.0792236328125,404.6209064246705,399.8342525934749,403.6418270582009,21825500.0
2024-02-16,AAPL,181.01014709472656,183.5320456548448,180.37471083115267,182.1122335213933,49752500.0
2024-02-16,GOOG,140.92233276367188,143.62626146002236,140.6837606348687,143.35786781511877,21865100.0
2024-02-16,MSFT,399.6067810058594,403.7901722944783,398.9936189642922,403.4637923812322,22296500.0
2024-02-20,AAPL,180.26548767089844,181.12927978468983,178.7166127841021,180.49384354523508,53665600.0
2024-02-20,GOOG,141.3597412109375,142.48206779776814,139.96801983856676,140.10719197580383,18625600.0
2024-02-20,MSFT,398.3507995605469,400.0320454973026,393.62348186339256,398.7958219344355,24307900.0
2024-02-21,AAPL,181.0200653076172,181.5859933284812,179.3718974749363,180.64276986037865,41371400.0
2024-02-21,GOOG,142.99005126953125,143.1292234081102,141.0714628470767,141.7971450576223,16440800.0
2024-02-21,MSFT,397.7474670410156,397.8562703979253,392.8421408842448,395.75964027371015,18518900.0
2024-02-22,AAPL,183.05545043945312,183.64125529629035,181.15908011476063,182.17179668082835,52292200.0
2024-02-22,GOOG,144.4613037109375,145.33609342970553,143.15903182861547,145.25656433370406,23024700.0
2024-02-22,MSFT,407.1131286621094,408.2801164360882,404.0670871504759,405.6692280234365,27009900.0
2024-02-23,AAPL,181.21864318847656,183.72066477086588,180.9307023940782,183.6908798817894,45119700.0
2024-02-23,GOOG,144.4314727783203,145.09255177888215,143.93442728498795,144.11337155027243,14519400.0
2024-02-23,MSFT,405.8175354003906,411.2766872182918,404.46263934607134,411.0888090231092,16295900.0
2024-02-26,AAPL,179.86834716796875,181.45693020455124,179.36197373162466,180.94064867140932,40867400.0
2024-02-26,GOOG,137.9301300048828,142.99004969215943,137.9201945553173,142.60235479835018,33513000.0
2024-02-26,MSFT,403.0484313964844,407.61750865515694,402.8703922735096,406.9252114178632,16193500.0
2024-02-27,AAPL,181.32786560058597,182.60866132395924,178.27974721589908,179.8087756065873,54318900.0
2024-02-27,GOOG,139.27215576171875,139.65985064662803,137.681604087482,138.58623054181194,22364000.0
2024-02-27,MSFT,402.9891357421875,403.8198744020147,399.3991374820922,403.4934944613291,14835800.0
2024-02-28,AAPL,180.12649536132812,181.81437153541265,178.84569957246276,181.2087201561828,48953900.0
2024-02-28,GOOG,136.617919921875,138.4569943537666,135.83259469990304,138.27806525330146,30628700.0
2024-02-28,MSFT,403.2264404296875,404.7890136651283,400.8528973289445,403.6813622301974,13183100.0
2024-02-29,AAPL,179.46127319335938,181.268304073722,178.2499704416867,179.97756989489093,136682600.0
2024-02-29,GOOG,138.9540252685547,139.1230189019037,136.757092866394,137.53248255758288,35485000.0
2024-02-29,MSFT,409.0812072753906,409.6350329915402,401.4462896956277,404.1363132517421,31947300.0
2024-03-01,AAPL,178.37904357910156,179.24283570733874,176.11530099131116,178.26982726346276,73563100.0
2024-03-01,GOOG,137.26406860351562,139.17272124608434,137.15969330979547,138.7850264150723,28551500.0
2024-03-01,MSFT,410.9207153320313,411.2866326803442,406.3516378389261,406.7373238991448,17823400.0
2024-03-04,AAPL,173.85154724121094,175.63870116419773,172.55087478393426,174.8940486462885,81510100.0
2024-03-04,GOOG,133.40699768066406,135.8226464903749,132.07491949581865,135.7331667799237,43571500.0
2024-03-04,MSFT,410.3471374511719,412.7503489287205,407.77578628129385,408.8834378175513,17596000.0
2024-03-05,AAPL,168.90704345703125,170.8133520831047,168.41060844555398,169.5424796657224,95132400.0
2024-03-05,GOOG,132.98948669433594,133.22807398414722,130.77266811276874,131.9556387757354,28447600.0
2024-03-05,MSFT,398.21234130859375,409.6845023906636,396.2245142764836,409.3976900637708,26919200.0
2024-03-06,AAPL,167.9141845703125,170.01907946057096,167.47731930724007,169.84035496658896,68587700.0
2024-03-06,GOOG,131.7766876220703,133.94381367742895,131.17029156473757,133.44676822612746,23175200.0
2024-03-06,MSFT,397.658447265625,400.6946191593844,393.9992441346355,398.5287533624504,22344100.0
2024-03-07,AAPL,167.7950439453125,169.51270494606766,167.28868565722726,167.94396839769192,71765100.0
2024-03-07,GOOG,134.44085693359375,135.01743146792404,131.87610062652035,133.09882816954288,24107300.0
2024-03-07,MSFT,404.6308288574219,405.26375963919287,397.80685051788544,401.6440933577292,18718500.0
2024-03-08,AAPL,169.51271057128906,172.46153602621885,167.7354797306053,167.7950495135339,76267000.0
2024-03-08,GOOG,135.48464965820312,138.16373206435964,134.00346384234777,134.23707582364784,26495200.0
2024-03-08,MSFT,401.7429504394531,405.8966732764971,399.8737661084125,403.463763812485,18002200.0
2024-03-11,AAPL,171.518310546875,173.13669366515666,170.8233045037464,171.70695829072324,60139500.0
2024-03-11,GOOG,138.11898803710938,139.1528358687058,136.26004296238767,136.26004296238767,22536400.0
2024-03-11,MSFT,400.0617370605469,401.20895621575255,396.8376863432141,399.310133613595,16120800.0
2024-03-12,AAPL,171.994873046875,172.7891721100731,169.79070034274764,171.91544162555573,59825400.0
2024-03-12,GOOG,138.79498291015625,139.4510866217072,137.39332610463848,137.433083071115,19019700.0
2024-03-12,MSFT,410.703125,410.98993730983005,402.3067044386273,403.1275435831552,22457000.0
2024-03-13,AAPL,169.90985107421875,171.95516088785195,169.54247886546352,171.53815729817867,52488700.0
2024-03-13,GOOG,139.9381866455078,141.34979396788552,139.18266781900704,139.23237540000693,19637000.0
2024-03-13,MSFT,410.5251159667969,413.571157465626,406.9153492946695,413.492052439434,17115900.0
2024-03-14,AAPL,171.76651000976562,173.06716728584055,170.82328653971078,171.67715534575908,72913500.0
2024-03-14,GOOG,143.48709106445312,143.87478594707295,140.64896551131784,141.45915210197046,36117900.0
2024-03-14,MSFT,420.5335693359375,423.10492026926096,413.3832416992079,415.608444013985,34157300.0
2024-03-15,AAPL,171.3892364501953,171.3892364501953,169.07584723661714,169.94957779625068,121752700.0
2024-03-15,GOOG,141.3299102783203,143.4870858460988,140.29606235180813,142.56258853217557,41039500.0
2024-03-15,MSFT,411.83056640625,417.9424481650146,408.2405685225254,414.6689307417327,45079900.0
2024-03-18,AAPL,172.4813690185547,176.44292557517804,172.28279805844676,174.3181844870376,75604200.0
2024-03-18,GOOG,147.60263061523438,152.02633262688852,147.26464330841702,148.4873710175652,47676700.0
2024-03-18,MSFT,412.7206115722656,416.0930326692394,409.2196184111682,409.6844396223344,20106000.0
2024-03-19,AAPL,174.8245391845703,175.35075903574833,171.7962828664752,173.09694005146207,55215200.0
2024-03-19,GOOG,147.0459442138672,148.7358959412155,146.14131773070486,148.09967828496818,17748400.0
2024-03-19,MSFT,416.7655334472656,417.02267757704544,410.9701023504993,413.22497266505087,19837900.0
2024-03-20,AAPL,177.39610290527344,177.39610290527344,173.84162605000233,174.467139074951,53423100.0
2024-03-20,GOOG,148.79550170898438,148.87503079217458,146.79240938003514,147.9107615153482,17730000.0
2024-03-20,MSFT,420.5434875488281,421.2654227938467,416.0238469576272,417.3490749958178,17860100.0
2024-03-21,AAPL,170.14813232421875,176.22450721449738,169.6219124199128,175.78764197696165,106181300.0
2024-03-21,GOOG,147.861083984375,150.41091436773635,147.13538671549907,149.43174940597726,19843900.0
2024-03-21,MSFT,424.6378173828125,426.07184869793537,422.4521827120365,425.0927391745549,21296200.0
2024-03-22,AAPL,171.05166625976562,171.8161805084586,168.8474933401544,170.5353695457136,71160100.0
2024-03-22,GOOG,150.87319946289062,151.65852470027477,149.2031186493154,149.35224140458791,19252900.0
2024-03-22,MSFT,424.0147705078125,425.1224219595106,421.374213954432,424.9642119074724,17648500.0
2024-03-25,AAPL,169.63185119628906,170.7140758962492,168.24182406010684,169.3538487990515,54288300.0
2024-03-25,GOOG,150.25685119628906,150.5610428048825,147.9207464068271,150.0580360265556,15114700.0
2024-03-25,MSFT,418.1995849609375,422.6994568687828,416.9633613897557,420.5533594694659,18060500.0
2024-03-26,AAPL,168.49998474121094,170.19778406175462,168.37090678526505,168.78791039294236,57388400.0
2024-03-26,GOOG,150.80360412597656,152.29474065029794,150.13756496534802,150.3463307529481,19312700.0
2024-03-26,MSFT,417.00286865234375,421.2950326486401,416.70618711068727,420.919215908385,16725600.0
2024-03-27,AAPL,172.07431030273438,172.36225110852925,168.89712909220745,169.19499314475576,60273300.0
2024-03-27,GOOG,151.04217529296875,151.78774347547167,149.2428731728415,151.24596574975436,16622000.0
2024-03-27,MSFT,416.7853393554688,419.7720747256789,414.3920274982848,419.7621752794236,16705000.0
2024-03-28,AAPL,170.25735473632812,171.00200728609337,169.29426955996547,170.5254338962422,65672700.0
2024-03-28,GOOG,151.3602752685547,151.76785617881936,150.43577801069048,151.10181709475492,21105600.0
2024-03-28,MSFT,416.0831604003906,417.2204799799258,414.5007882900106,416.3205056535144,21871200.0
2024-04-01,AAPL,168.8177032470703,170.02900599080004,168.2716216576847,169.9694362083208,46240500.0
2024-04-01,GOOG,155.5752410888672,156.07228658755366,150.7538936841584,150.9328379513705,24469800.0
2024-04-01,MSFT,419.8907470703125,423.1741640135649,417.56664079478026,419.27758502766966,16316000.0
2024-04-02,AAPL,167.63616943359375,168.13260444031488,167.0305181193942,167.87446369081778,49329500.0
2024-04-02,GOOG,154.94894409179688,155.06824531474004,152.55319654534185,153.83556713514977,17598100.0
2024-04-02,MSFT,416.7952270507813,417.72486953541625,413.2348973416725,415.4798683479255,17912000.0
2024-04-03,AAPL,168.44039916992188,169.46305411699578,167.37803608655156,167.5865303145986,47691700.0
2024-04-03,GOOG,155.4459991455078,155.624943406665,153.22123218444426,154.00457028181484,17266200.0
2024-04-03,MSFT,415.8161315917969,418.5951594920779,414.4711047843508,415.1040656775575,16502300.0
2024-04-04,AAPL,167.61631774902344,170.69420560535343,167.61631774902344,169.07582268557752,53704400.0
2024-04-04,GOOG,151.04217529296875,155.25711104346615,150.98253226534828,154.163620143636,24184800.0
2024-04-04,MSFT,413.2745056152344,423.94559634674056,412.9679245721771,420.3061310741328,19370900.0
2024-04-05,AAPL,168.37091064453125,169.17513298848516,167.74539764368038,168.3808338913719,42104800.0
2024-04-05,GOOG,153.0303497314453,153.92502543984406,150.18823521970856,150.78369467528657,16297300.0
2024-04-05,MSFT,420.8302917480469,421.8094013848157,413.7096617584277,415.38103851823735,16554800.0
2024-04-08,AAPL,167.24896240234375,167.99361496437555,167.04046816897213,167.82482886831443,37425500.0
2024-04-08,GOOG,155.2173614501953,155.72931768640746,153.0800719596687,153.10491816614896,16641500.0
2024-04-08,MSFT,419.9104919433594,422.5708472466926,418.63470088049553,420.4841165309204,14272400.0
2024-04-09,AAPL,168.46026611328125,168.86734648560252,167.1496854743383,167.49718091534808,42373800.0
2024-04-09,GOOG,157.20555114746094,158.9452104086843,155.71441463784092,156.42022592658938,21521500.0
2024-04-09,MSFT,421.5818786621094,423.0257792491063,416.9732338650976,421.74011889073387,12496900.0
2024-04-10,AAPL,166.583740234375,167.88439761067826,165.91851910107465,167.59647195447172,49709300.0
2024-04-10,GOOG,156.72837829589844,157.2254237565588,155.27699887657573,156.9470795120789,16339200.0
2024-04-10,MSFT,418.5951843261719,419.3566871510799,415.0744221472326,417.5369697470064,16216600.0
2024-04-11,AAPL,173.79196166992188,174.20898041040104,166.96102623293754,167.13973556457643,91070300.0
2024-04-11,GOOG,159.83987426757812,160.16792609534323,156.99677359557123,157.40435451812397,17841700.0
2024-04-11,MSFT,423.2136840820313,424.6378159464607,417.7050650079003,421.1269533333631,17966400.0
2024-04-12,AAPL,175.29122924804688,177.08832180821437,172.96791671667,173.0175481045229,101670900.0
2024-04-12,GOOG,158.24935913085938,160.74452224435305,157.662849042733,158.46308506945402,16989800.0
2024-04-12,MSFT,417.2501525878906,420.4940018672189,415.1436229002308,419.3764509864425,19253800.0
2024-04-15,AAPL,171.45872497558594,175.37063525095596,171.27007724910962,174.10968609239896,73531800.0
2024-04-15,GOOG,155.40625,159.87965956188154,155.22730572983969,159.33290647059323,21140900.0
2024-04-15,MSFT,409.0812072753906,422.1159406782311,408.87349999590606,421.898364133941,20273500.0
2024-04-16,AAPL,168.1723175048828,172.5210775974863,167.0702312509368,170.52541444574328,73711200.0
2024-04-16,GOOG,155.07818603515625,156.3009136393726,154.13380267956435,154.7203126914071,15413200.0
2024-04-16,MSFT,410.0108337402344,413.7887401482267,409.1702258721835,410.00096447508815,16765600.0
2024-04-17,AAPL,166.8021697998047,169.43326939438705,166.8021697998047,168.4006911997193,50901200.0
2024-04-17,GOOG,155.9530029296875,157.7433557469407,155.21239481054505,156.26116871665113,16237800.0
2024-04-17,MSFT,407.301025390625,414.26344459371984,405.8076577445542,412.6514043206412,15855500.0
2024-04-18,AAPL,165.84901428222656,167.4376124969012,165.36251763085394,166.83196113193097,43122900.0
2024-04-18,GOOG,156.5295867919922,157.54852407282544,155.2869729526219,155.99774442827146,14016100.0
2024-04-18,MSFT,399.8144226074219,407.3504659255286,399.497972349744,406.1043430605785,21029900.0
2024-04-19,AAPL,163.82357788085938,165.21359005742565,162.91013914340203,165.02495745131748,68149400.0
2024-04-19,GOOG,154.7998504638672,157.05644126257425,153.00054819560452,156.8178539638261,21479900.0
2024-04-19,MSFT,394.7212219238281,401.0111429150955,393.3860944801934,399.5771115531844,30565800.0
2024-04-22,AAPL,164.6575469970703,166.0674204920171,163.5951840406637,164.33983649468445,48116400.0
2024-04-22,GOOG,157.0166778564453,158.2443809063645,154.74021603277106,155.08813879808233,17243900.0
2024-04-22,MSFT,396.54095458984375,398.4101391191041,391.3883831886319,395.6706483655049,20286900.0
2024-04-23,AAPL,165.7100067138672,165.85894631264824,163.74412823991457,164.17107024309314,49537800.0
2024-04-23,GOOG,158.97503662109375,159.5317251741483,157.03158682591624,157.65289372327635,16115400.0
2024-04-23,MSFT,403.0780944824219,403.70115595190015,398.61779046162303,399.78477819553336,15734500.0
2024-04-24,AAPL,167.8148956298828,168.09289802448964,165.02493328758231,165.35256706337344,48251800.0
2024-04-24,GOOG,160.1480712890625,160.43635101408688,157.88154495006788,158.14993860724132,19485700.0
2024-04-24,MSFT,404.5516357421875,407.9240568237566,402.2967654513749,405.0461251057976,15065300.0
2024-04-25,AAPL,168.67869567871094,169.39356334150216,166.9510963019663,168.3212618473153,50558300.0
2024-04-25,GOOG,157.0166778564453,157.3447297222249,151.86530642343064,152.45380359070538,36197800.0
2024-04-25,MSFT,394.6421508789063,395.4827889847814,383.7534834719766,389.6873569046374,40586500.0
2024-04-26,AAPL,168.0928955078125,170.1183436596222,167.97374080476908,168.66876193087458,44838400.0
2024-04-26,GOOG,172.6636505126953,175.3775144172109,170.3871738616868,174.95006261198014,56500800.0
2024-04-26,MSFT,401.8418884277344,408.4482598176065,401.2880626933282,407.6274206623671,29694700.0
2024-04-29,AAPL,172.26295471191406,174.7749147415349,171.86581274952138,172.1338767566388,68169400.0
2024-04-29,GOOG,166.90786743164062,170.36731492110758,166.0728346591311,169.76091882398472,35914600.0
2024-04-29,MSFT,397.8167419433594,401.84189310161,394.7904690804273,400.7836784898605,19582100.0
2024-04-30,AAPL,169.1155548095703,173.74233280675443,168.78790588015656,172.09416491333778,65934800.0
2024-04-30,GOOG,163.66712951660156,168.86622081448593,163.5279573936498,166.39094411565628,29420800.0
2024-04-30,MSFT,385.0390930175781,397.72770759660574,384.880882973138,397.0650785379098,28781400.0
2024-05-01,AAPL,168.0928955078125,171.47858587357683,167.90424778215495,168.37089789825708,50383100.0
2024-05-01,GOOG,164.59164428710938,167.8124892261671,163.9255900086355,165.1980251988896,25223200.0
2024-05-01,MSFT,390.5872802734375,397.29255516859246,386.0083037107917,388.2829428234783,23562500.0
2024-05-02,AAPL,171.79632568359375,172.18354444700543,169.67158410871994,171.28002894904594,94214900.0
2024-05-02,GOOG,167.46458435058594,167.53416283614857,164.71094790484528,165.68515288310124,17041100.0
2024-05-02,MSFT,393.455322265625,395.5222843363775,390.3004774783613,393.2773133250789,17709400.0
2024-05-03,AAPL,182.072509765625,185.66669440285864,181.3576421366733,185.3191838346203,163224100.0
2024-05-03,GOOG,167.99143981933594,168.84635866709175,164.00512528995867,168.5381777222921,22767100.0
2024-05-03,MSFT,402.1781311035156,402.66272106797066,397.431014652392,397.8463990370952,17446700.0
2024-05-06,AAPL,180.41441345214844,182.8866500436298,179.13360267463952,181.04984964293004,78569700.0
2024-05-06,GOOG,168.8264617919922,168.89604026830736,166.89792299131395,168.22006572753793,15147900.0
2024-05-06,MSFT,408.9822692871094,409.3679552945795,401.8912785681901,404.254952201575,16996600.0
2024-05-07,AAPL,181.09950256347656,183.5816778461448,180.02721617336002,182.14201921219637,77305800.0
2024-05-07,GOOG,171.95785522460938,172.44496527047554,168.99546832125176,169.11475438610685,21102400.0
2024-05-07,MSFT,404.82861328125,410.09988764131936,404.5813685599285,410.0899881944696,20018200.0
2024-05-08,AAPL,181.43707275390625,181.76472167822584,180.1562619452029,181.5462890620128,45057100.0
2024-05-08,GOOG,170.1486053466797,170.89317240681382,169.51437485492383,169.74102442939565,14569900.0
2024-05-08,MSFT,406.0153503417969,407.6867268679436,402.2275447730789,403.6714754994307,11792300.0
2024-05-09,AAPL,183.2540283203125,183.34338298682428,180.8115613856968,181.2583498682501,48983000.0
2024-05-09,GOOG,170.56613159179688,171.4210504384506,168.92587237916933,170.13866458415777,11937700.0
2024-05-09,MSFT,407.7757568359375,408.1713423301442,404.59124380852967,406.0450438901993,14689700.0
2024-05-10,AAPL,181.9913787841797,184.01957427538,181.0767011963408,183.83067066594327,50759500.0
2024-05-10,GOOG,169.28375244140625,170.3275510419372,166.9178261379779,168.68730693297795,18740500.0
2024-05-10,MSFT,410.1690673828125,410.8020283165112,407.2614672287658,408.3889175739522,13402300.0
2024-05-13,AAPL,185.2027130126953,186.0179781089525,183.55230940603693,184.36757450229416,72044800.0
2024-05-13,GOOG,169.89013671875,169.9398442998084,164.78050985960223,164.86700135401634,19648600.0
2024-05-13,MSFT,409.1603393554688,413.7393163531471,406.2923066683535,413.4030671590533,15440200.0
2024-05-14,AAPL,186.3460235595703,187.2110023802185,185.2126171602605,186.42556271379905,52393600.0
2024-05-14,GOOG,170.9140625,171.75904593797182,169.41299051424886,170.57607519226138,18729500.0
2024-05-14,MSFT,411.9690246582031,412.8887677392151,407.01423099397886,407.47905225770086,15109300.0
2024-05-15,AAPL,188.622802734375,189.54741702859607,186.2863873072406,186.8232728469217,70400000.0
2024-05-15,GOOG,172.8525390625,173.01755852407757,171.01346473943843,171.28187354287763,20958200.0
2024-05-15,MSFT,419.1718444824219,419.8951120945601,413.4155159621218,414.0397012631118,22239500.0
2024-05-16,AAPL,188.7420959472656,189.99481870677727,188.5631442219314,189.36845732702145,52845200.0
2024-05-16,GOOG,174.39337158203125,175.2979980051797,173.02153635812834,173.56828942534028,17247300.0
2024-05-16,MSFT,417.1011962890625,421.4902982069247,416.4671238579369,417.903711689708,17530100.0
2024-05-17,AAPL,188.7719268798828,189.70649303935696,188.08591490450095,188.4140082479681,41282900.0
2024-05-17,GOOG,176.24237060546875,176.44616106207522,173.94602303235814,174.51266213150154,16546400.0
2024-05-17,MSFT,416.328369140625,419.0133577205119,414.1685137971008,418.63686307177926,15352200.0
2024-05-20,AAPL,189.9351501464844,190.8100656899344,187.91689147556076,188.23504809883084,44361300.0
2024-05-20,GOOG,177.4054718017578,178.8866575608345,176.177768911966,176.26225814551978,17495100.0
2024-05-20,MSFT,421.4109497070313,422.8277329316598,416.1103638876109,416.3283328633749,16272100.0
2024-05-21,AAPL,191.2375946044922,191.6153866469515,189.815856788038,189.98487181213304,42309400.0
2024-05-21,GOOG,178.47909545898438,178.7574549003471,176.26227672660164,177.34583230037447,14706000.0
2024-05-21,MSFT,425.0768432617188,428.9705334710034,420.9255450713884,422.88723589418726,21453300.0
2024-05-22,AAPL,189.79595947265625,191.70486886169917,189.1696132758398,191.158046649762,34648500.0
2024-05-22,GOOG,176.9481964111328,177.7951669108366,175.7354041885328,177.3458267401124,16189400.0
2024-05-22,MSFT,426.5431213378906,428.4156772425905,423.1844517072994,426.1171006588035,18073700.0
2024-05-23,AAPL,185.7992401123047,189.89540846653745,185.5506859127412,189.87551988281996,51005900.0
2024-05-23,GOOG,174.0255584716797,178.8469056242344,173.50862693286606,177.72357800199248,14928400.0
2024-05-23,MSFT,423.0556640625,429.5947037930371,421.4902723328989,428.9705184673677,17211700.0
2024-05-24,AAPL,188.8812713623047,189.4778074092878,186.95248867034007,187.7279915996349,36327000.0
2024-05-24,GOOG,175.28807067871094,176.25631435754266,174.16474297662478,175.47695039873872,11403600.0
2024-05-24,MSFT,426.18646240234375,427.07814273445496,420.4895772016025,423.2438961414034,11855300.0
2024-05-28,AAPL,188.8912506103516,191.8838376427625,188.00639828711084,190.40244918609352,52280100.0
2024-05-28,GOOG,176.9680633544922,177.45515817956164,174.64187915859887,174.70153735326124,15655300.0
2024-05-28,MSFT,426.3450012207031,426.8403825578059,422.6593628632313,425.6613725566471,15718000.0
2024-05-29,AAPL,189.1894989013672,191.13817040866115,188.41401104911336,188.5134387924459,53068000.0
2024-05-29,GOOG,176.3517303466797,177.17682766422985,175.2184672583169,175.76522032038324,15023800.0
2024-05-29,MSFT,425.2055969238281,426.959235835121,421.7577322025146,421.7577322025146,15517100.0
2024-05-30,AAPL,190.1836853027344,191.0685374632305,189.5275138813011,189.65675172235697,49889100.0
2024-05-30,GOOG,172.534423828125,175.64593337313383,172.20637199253986,175.64593337313383,18826300.0
2024-05-30,MSFT,410.8395385742188,420.3805569661453,410.4134876792539,420.3805569661453,28394500.0
2024-05-31,AAPL,191.13815307617188,191.4563096895504,188.81168973037515,190.3328400080532,75158300.0
2024-05-31,GOOG,172.93206787109375,173.3893412124344,169.95973047788317,172.37536419894676,28085200.0
2024-05-31,MSFT,411.2952880859375,412.9003186801716,400.7733939809139,412.9003186801716,47995300.0
2024-06-03,AAPL,192.90786743164065,193.8623221502784,191.40660565779223,191.7843976924141,50080500.0
2024-06-03,GOOG,173.3893585205078,174.82085205453222,171.4309979452974,172.85255602956144,20742800.0
2024-06-03,MSFT,409.7001647949219,412.5832877674383,405.14268074171713,411.6916074194493,17484700.0
2024-06-04,AAPL,193.2260284423828,194.19041988861156,191.91365507081835,193.51434462038463,47471400.0
2024-06-04,GOOG,174.0951690673828,174.1548121029323,172.1964515363877,173.41917927102895,14066600.0
2024-06-04,MSFT,412.22662353515625,412.5932008783865,405.89563568095855,408.62023297171766,14348900.0
2024-06-05,AAPL,194.7372283935547,195.76127042413225,193.74301165159247,194.269945311189,54156800.0
2024-06-05,GOOG,176.02371215820312,176.91838804924114,174.2542161073903,175.49186979796482,15233900.0
2024-06-05,MSFT,420.0932922363281,420.1626226445845,412.4544902290408,413.95055154632206,16988000.0
2024-06-06,AAPL,193.3552703857422,195.3635924798522,193.04706561878615,194.55827933508485,41181800.0
2024-06-06,GOOG,177.29612731933594,177.6540006687256,176.1628642410394,176.38155029529918,14255800.0
2024-06-06,MSFT,420.5985107421875,421.3812216299357,416.6949038401279,420.0932423972592,14861300.0
2024-06-07,AAPL,195.75132751464844,195.80104138427976,193.0172315608974,193.5242766218339,53103900.0
2024-06-07,GOOG,174.91030883789062,178.35980582969552,174.75125063703723,177.4054869618251,14716300.0
2024-06-07,MSFT,419.9347534179688,422.3422993904052,419.09259912200673,422.2630516824485,13621700.0
2024-06-10,AAPL,192.00314331054688,196.1589774177998,191.03875180216343,195.7612815959928,97010200.0
2024-06-10,GOOG,175.7860870361328,177.61729208316433,173.5468372773293,175.60693915876868,17099800.0
2024-06-10,MSFT,423.9176330566406,424.1256847583601,419.97441684803016,420.7769322189121,13982900.0
2024-06-11,AAPL,205.9519805908203,205.9619324668351,192.51018190883104,192.5300553197752,172373300.0
2024-06-11,GOOG,177.33863830566406,177.5376796995729,174.60177737823386,176.87088267774155,14402400.0
2024-06-11,MSFT,428.6831665039063,428.82188778491104,421.3218074365333,421.54969372575147,14551100.0
2024-06-12,AAPL,211.8377685546875,218.92652361101457,205.7034379048798,206.1707209873844,198134300.0
2024-06-12,GOOG,178.70208740234375,181.21005148050452,176.9305931844839,178.89118204119703,18600400.0
2024-06-12,MSFT,436.98577880859375,439.3041598174871,429.2479248102113,431.2988107842745,22366200.0
2024-06-13,AAPL,213.00099182128903,215.49647028335949,210.37626033331,213.49810017257707,97862700.0
2024-06-13,GOOG,175.89556884765625,177.65710112522518,175.81594925308312,176.99030410479574,15956900.0
2024-06-13,MSFT,437.5009765625,439.2942848532079,435.311399477504,436.7777391476236,15960600.0
2024-06-14,AAPL,211.2611083984375,213.9256018265929,210.07798811856895,212.613243693924,70122700.0
2024-06-14,GOOG,177.51779174804688,177.87607237330323,175.01183190829872,175.01183190829872,12361600.0
2024-06-14,MSFT,438.4818420410156,439.0465840193784,432.6858743754039,434.2314617214768,13582000.0
2024-06-17,AAPL,215.4169464111328,217.6837594401996,211.4897931914233,212.1360280257328,93728300.0
2024-06-17,GOOG,177.9258270263672,179.06037974813532,175.6467748275639,176.1344239957107,15272900.0
2024-06-17,MSFT,444.2282409667969,446.774508213362,436.64891280244507,438.5016341053226,20790000.0
2024-06-18,AAPL,213.0507049560547,217.3656172672209,211.7681719978675,216.3316233309755,79943300.0
2024-06-18,GOOG,175.60696411132812,178.05521754395593,174.7809278161781,177.93578054678056,15640300.0
2024-06-18,MSFT,442.2170104980469,445.9819268194956,440.7804227549636,445.55587588842855,17112500.0
2024-06-20,AAPL,208.46734619140625,213.0009869956984,207.64215969704077,212.6927670816265,86172500.0
2024-06-20,GOOG,176.86094665527344,177.8860243226978,175.61691888549765,175.8657244394528,16753200.0
2024-06-20,MSFT,441.5829162597656,442.4052359389207,437.1938148300054,442.17734964919055,19877400.0
2024-06-21,AAPL,206.2900390625,210.66458669732776,205.91223184266303,209.17326157128963,241805100.0
2024-06-21,GOOG,179.3987579345703,181.63999735588837,177.2092720142236,177.63722547985515,58903200.0
2024-06-21,MSFT,445.6252136230469,446.4178116311954,442.3854307142529,443.2473893629253,34187100.0
2024-06-24,AAPL,206.9362945556641,211.4699209644532,205.39525540402903,206.51872529912245,80727000.0
2024-06-24,GOOG,179.92620849609375,181.21005359280772,179.36888651353593,180.4138728237744,18198300.0
2024-06-24,MSFT,443.5347290039063,448.5677899641911,442.286358388998,445.6450280512692,15913700.0
2024-06-25,AAPL,207.86090087890625,210.15753911842552,207.40355450398363,207.94042486793816,55549700.0
2024-06-25,GOOG,184.69332885742188,184.86251480101703,180.23970365125336,180.27952104144333,18797000.0
2024-06-25,MSFT,446.784423828125,447.2500834775452,442.62320865306464,444.1093526104896,16413400.0
2024-06-26,AAPL,212.01670837402344,213.6173978459433,209.42180221570723,210.2768291728298,66213200.0
2024-06-26,GOOG,184.4843292236328,185.04165121039085,183.110932952232,183.31992110432364,13375700.0
2024-06-26,MSFT,447.9832153320313,449.4099158773303,444.0498866490023,444.8524019262736,16507000.0
2024-06-27,AAPL,212.86181640625,214.4923313013169,211.1219370597224,213.4484006592916,49772700.0
2024-06-27,GOOG,185.96722412109372,186.60416573269256,184.5639571501713,184.7580327717585,13025700.0
2024-06-27,MSFT,448.6668701171875,451.9562093572158,447.5968295279366,448.0030458409229,14806300.0
2024-06-28,AAPL,209.4019317626953,214.82042530908265,209.08379028418835,214.52215724323332,82542700.0
2024-06-28,GOOG,182.5436553955078,185.6885612144105,182.44910807096684,184.8326695089088,23032400.0
2024-06-28,MSFT,442.82135009765625,451.1734714446709,442.2863298349969,448.88481228887935,28362300.0
2024-07-01,AAPL,215.4964904785156,216.2520897818886,210.6944215345844,210.8634365693964,60402900.0
2024-07-01,GOOG,183.6085357666016,184.454465463433,181.8569351032621,183.59857382636065,11815900.0
2024-07-01,MSFT,452.5110168457031,453.1450891922846,441.5432675183624,444.5155553424217,17662800.0
2024-07-02,AAPL,218.99609375,219.1054581823324,213.8559957714609,214.8999110603575,58046200.0
2024-07-02,GOOG,185.7184295654297,186.05680149471812,182.1853874478125,182.59343222565923,12555500.0
2024-07-02,MSFT,455.0374450683594,455.3445790550665,448.9244265313974,449.013621772664,13979800.0
2024-07-03,AAPL,220.2687225341797,220.2687225341797,217.76329209306172,218.7276835478024,37369800.0
2024-07-03,GOOG,186.49468994140625,186.72358679841545,184.4992645442717,185.40990137353023,7409100.0
2024-07-03,MSFT,456.5137023925781,456.76139305889615,453.65041401249385,453.957548019874,9932800.0
2024-07-05,AAPL,225.03103637695312,225.14040083639475,220.3681569606941,220.3681569606941,60412400.0
2024-07-05,GOOG,191.04286193847656,191.3414164524946,186.42503149573997,186.42503149573997,14303400.0
2024-07-05,MSFT,463.240966796875,464.0236777303131,454.7303195449201,455.36439189726417,16000300.0
2024-07-08,AAPL,226.50247192382807,226.53229721329785,221.95889400104969,225.7766827586142,59085900.0
2024-07-08,GOOG,189.5699157714844,190.76319226258215,188.41546958896836,190.45069711592777,12097600.0
2024-07-08,MSFT,461.9331970214844,463.37973235023577,460.1696406041089,462.240331043253,12962300.0
2024-07-09,AAPL,227.35748291015625,228.07332019577044,225.0608446065374,226.6118203351868,48076100.0
2024-07-09,GOOG,189.5301055908203,191.9385413323128,189.3211022609329,190.8338441563582,10198500.0
2024-07-09,MSFT,455.2950744628906,463.0130936996793,453.7692915232205,462.6861553304454,17207200.0
2024-07-10,AAPL,231.6326141357422,231.7320418789461,227.9241899064988,227.9739037781008,62627700.0
2024-07-10,GOOG,191.7395172119141,192.3864055827935,189.7092553720072,189.8386391205375,12052900.0
2024-07-10,MSFT,461.9430847167969,462.1511364069266,454.6213342335764,456.9595498058476,18196100.0
2024-07-11,AAPL,226.25392150878903,231.04603853364384,224.4643282580064,230.0518217466028,64710600.0
2024-07-11,GOOG,186.4051055908203,191.49069121720453,185.9274032266066,190.4257962625641,16452000.0
2024-07-11,MSFT,450.4997863769531,460.4866605260143,447.3788598594248,458.7032998608637,23111200.0
2024-07-12,AAPL,229.20672607421875,231.29458734662404,227.357482286545,227.59609977127653,53046500.0
2024-07-12,GOOG,185.8876037597656,187.78848183152007,185.25066215077655,186.02693426217303,14449100.0
2024-07-12,MSFT,449.3603820800781,452.1444226722039,446.4871764788712,450.1331757277914,16324300.0
2024-07-15,AAPL,233.04440307617188,235.8580383346859,231.7419815445035,235.11237576276483,62631300.0
2024-07-15,GOOG,187.29086303710935,188.99268444766693,185.59898838135624,185.59898838135624,12186000.0
2024-07-15,MSFT,449.7666320800781,453.03616716967895,447.2600036292234,449.112725062158,14429400.0
2024-07-16,AAPL,233.4619903564453,234.9036016458956,230.9863851256273,233.64094209406048,43234300.0
2024-07-16,GOOG,184.61370849609372,189.43058004889969,184.2355192202844,188.05718381074823,12760100.0
2024-07-16,MSFT,445.36761474609375,450.1034589951911,442.53404808528967,450.0242112870306,17175700.0
2024-07-17,AAPL,227.5563507080078,230.12143192510837,225.32929956891292,228.1230464069532,57345900.0
2024-07-17,GOOG,181.7474822998047,184.3450129778005,180.75226005054785,183.797637703532,17376600.0
2024-07-17,MSFT,439.4230346679688,440.7407659095282,435.12312844393387,438.5016326704633,21778000.0
2024-07-18,AAPL,222.8834991455078,229.10730558155055,220.9845567217071,228.94822726389444,66034600.0
2024-07-18,GOOG,178.36373901367188,183.170664469324,177.35856997341122,182.6630913853447,17877200.0
2024-07-18,MSFT,436.3021545410156,440.5426175824252,430.3873001592767,440.23548357189634,20794800.0
2024-07-19,AAPL,223.01275634765625,225.4883615119168,221.9887143107171,223.5198165983548,49151500.0
2024-07-19,GOOG,178.5329132080078,181.10058835460111,178.00544664695926,179.50822673030132,14485900.0
2024-07-19,MSFT,433.0722351074219,437.0650374995757,428.00945262308335,429.09929755421246,20940400.0
2024-07-22,AAPL,222.664794921875,226.4626951020567,221.799816014305,225.6971439398997,48201800.0
2024-07-22,GOOG,182.4739990234375,183.41945708962345,181.0309146643325,181.47877680937103,16303900.0
2024-07-22,MSFT,438.8484191894531,440.493088848888,434.8556468413205,437.70904816681343,15808800.0
2024-07-23,AAPL,223.70867919921875,225.6275251901848,221.39215262314627,223.07238116072332,39960300.0
2024-07-23,GOOG,182.7227935791016,184.33504860936617,182.4540793454292,182.9616371771349,23772600.0
2024-07-23,MSFT,440.7407836914063,444.2480920401895,439.00694900358457,439.7995470523178,13107100.0
2024-07-24,AAPL,217.27610778808597,223.499913948863,215.87427379105333,222.70453756630337,61777600.0
2024-07-24,GOOG,173.53689575195312,177.09979316518073,172.7407301149813,174.55202668074418,31250700.0
2024-07-24,MSFT,424.9381103515625,437.4019218843712,423.6402136506165,436.3814375263218,26805800.0
2024-07-25,AAPL,216.23220825195312,219.57277716709376,213.3787958392943,217.663867640833,51391200.0
2024-07-25,GOOG,168.35179138183594,174.36292680180097,168.24231633215,173.4174687468147,28967900.0
2024-07-25,MSFT,414.5351257324219,425.8298149584384,413.6533626134747,424.8390522151794,29943800.0
2024-07-26,AAPL,216.69949340820312,218.2206438494584,214.76075857434796,217.4352041073067,41601300.0
2024-07-26,GOOG,167.8740692138672,169.02853058164533,165.07253154698373,167.96365075090284,25150100.0
2024-07-26,MSFT,421.3416137695313,424.9579215661057,413.4155127108273,414.33694493801545,23583800.0
2024-07-29,AAPL,216.9778594970703,218.0317267787177,214.50225443638584,215.7052633263403,36311800.0
2024-07-29,GOOG,170.31239318847656,171.33747091931275,168.90912613275006,169.6853982942399,13768900.0
2024-07-29,MSFT,422.78814697265625,428.15806348242296,420.77690004799786,427.5933215281127,15125800.0
2024-07-30,AAPL,217.53463745117188,219.05578793157812,214.87012855591783,217.92238139381377,41643800.0
2024-07-30,GOOG,171.0388946533203,172.12368324954326,169.30720249002144,171.00903920101226,13681400.0
2024-07-30,MSFT,419.0133361816406,425.0866855808969,413.5046682551027,423.7689846137446,32687600.0
2024-07-31,AAPL,220.7956695556641,222.52561225525915,219.3540582246071,220.15937140820571,50036300.0
2024-07-31,GOOG,172.32272338867188,175.06954646783507,170.8995628862014,174.08427099128053,15650200.0
2024-07-31,MSFT,414.485595703125,417.8839046232563,408.4022980048962,416.6157295335089,42891400.0
2024-08-01,AAPL,217.09716796875,223.1817695634113,215.7649211779852,223.0724051151817,62501000.0
2024-08-01,GOOG,171.62606811523438,174.84063162092647,169.6953345864165,171.15831245883476,17177800.0
2024-08-01,MSFT,413.2569885253906,423.5113878535516,409.2741336141255,416.9030180044247,30296400.0
2024-08-02,AAPL,218.58848571777344,224.29529507499743,216.45092586682145,217.88258518105536,105568600.0
2024-08-02,GOOG,167.5954132080078,169.39677815477577,165.5950220433498,167.38642504910325,18907800.0
2024-08-02,MSFT,404.7166137695313,411.1664881139152,400.6049549355273,408.6796642573762,29437900.0
2024-08-05,AAPL,208.0597381591797,212.26527065556357,194.866477978878,197.9386040162881,119548600.0
2024-08-05,GOOG,159.8724822998047,165.1471626241353,155.85179157780124,156.61810168379614,34907800.0
2024-08-05,MSFT,391.4998779296875,397.3354847916009,382.0182715597293,385.57513628803423,40709200.0
2024-08-06,AAPL,206.0315399169922,208.7755879501992,199.90717605667757,204.11270880558044,69660500.0
2024-08-06,GOOG,159.77296447753906,161.5743294063401,157.37449052925194,160.17604343746325,36146500.0
2024-08-06,MSFT,395.9186706542969,401.9227204728591,394.8189385631437,396.3050826229799,24946500.0
2024-08-07,AAPL,208.6065673828125,212.40446750854989,205.1963960152132,205.70344110024527,63516400.0
2024-08-07,GOOG,159.98196411132812,164.00265500347186,159.4744062706463,162.46007278594325,19334200.0
2024-08-07,MSFT,394.7495422363281,406.2919206772892,393.7984185899935,404.865250325625,20650900.0
2024-08-08,AAPL,212.07638549804688,212.9612378528938,207.62229843313003,211.87754516998305,47161100.0
2024-08-08,GOOG,163.0572052001953,164.70927773325022,161.25585540820182,161.5683505693858,15733600.0
2024-08-08,MSFT,398.97021484375,402.11091551932753,396.2456175501284,398.7225241806935,20203000.0
2024-08-09,AAPL,214.9894256591797,215.5262960046125,210.7441160828828,210.8733691090516,42201600.0
2024-08-09,GOOG,164.59979248046875,164.72917622078774,160.16109496385226,160.87269034972158,13549200.0
2024-08-09,MSFT,402.26947021484375,404.2807173346427,398.54422293378025,400.2978620699852,19276700.0
2024-08-12,AAPL,216.52230834960935,218.49313190431408,214.6012562114996,215.06908018890428,38028100.0
2024-08-12,GOOG,163.1666717529297,165.9035327207418,162.76858895923837,165.20189926850557,12435000.0
2024-08-12,MSFT,403.05218505859375,404.98418448253045,400.5059175778056,403.29987574188414,16762900.0
2024-08-13,AAPL,220.24496459960935,220.8620875715453,217.99542439436792,217.99542439436792,44155300.0
2024-08-13,GOOG,165.13720703125,165.74429316110744,163.9827608577529,164.39577137564402,12717600.0
2024-08-13,MSFT,410.1856689453125,411.1169882881872,405.7866802044894,405.806484573348,19414300.0
2024-08-14,AAPL,220.69290161132807,221.9968307143324,218.6822548419691,219.548234966672,41960600.0
2024-08-14,GOOG,161.255859375,164.1718684537156,158.76780375891238,163.4254517688893,22515900.0
2024-08-14,MSFT,413.0093078613281,413.8613794713292,408.6400711388976,410.9683392009438,18267000.0
2024-08-15,AAPL,223.6790008544922,224.3060872818483,221.72807374055304,223.5595616066544,46414000.0
2024-08-15,GOOG,162.39041137695312,162.73874523594782,160.71844529990557,161.43500652889347,18392500.0
2024-08-15,MSFT,417.89263916015625,417.972029702109,414.5477559984779,416.671793760154,20752100.0
2024-08-16,AAPL,225.0028381347656,225.77922361016536,222.6139468974481,222.88270038911836,44340200.0
2024-08-16,GOOG,163.95291137695312,166.15234394400667,162.30083887346805,162.62926402314056,16853100.0
2024-08-16,MSFT,415.3517456054688,418.2003547729735,414.1904506066069,417.4658786225156,22775600.0
2024-08-19,AAPL,224.84356689453125,224.94310972106825,222.00676340736013,224.6743562399008,40687800.0
2024-08-19,GOOG,167.5954132080078,167.66508605156648,165.29645234474324,166.20210819569164,13100800.0
2024-08-19,MSFT,418.388916015625,418.6072778701042,413.3566884761521,415.8380594178836,15234000.0
2024-08-20,AAPL,225.460693359375,226.11763957317405,224.4056062095116,224.72413110884565,30299000.0
2024-08-20,GOOG,168.1527557373047,169.59582494285056,167.85418602921922,167.93380563043442,12622500.0
2024-08-20,MSFT,421.6345825195313,422.68668148594463,418.4981559756192,418.557706461252,16387600.0
2024-08-21,AAPL,225.3511962890625,226.92387876417723,224.00745927475185,225.47065071716543,34765500.0
2024-08-21,GOOG,166.8291015625,167.8342705134661,165.7741684645605,166.192159964543,15269600.0
2024-08-21,MSFT,420.9794921875,423.2226309703042,418.57751173597626,420.9199114166435,16067300.0
2024-08-22,AAPL,223.4898681640625,227.28221598709212,222.86278176595104,226.7347608131935,43695300.0
2024-08-22,GOOG,164.69932556152344,168.61054147594697,164.241516672691,168.23235218455866,19123800.0
2024-08-22,MSFT,412.4534606933594,423.6097249060729,411.5204628076481,421.1978093601494,19361900.0
2024-08-23,AAPL,225.78916931152344,227.16278137803025,223.29080225181497,224.61464290366072,38677300.0
2024-08-23,GOOG,166.6300506591797,167.14757047076415,164.86851824613433,165.75426542328995,14281600.0
2024-08-23,MSFT,413.6842651367188,416.1358609497773,409.0192754389397,413.87285176004434,18493800.0
2024-08-26,AAPL,226.1275787353516,226.2271215594374,222.8528263811224,225.70952621277567,30602200.0
2024-08-26,GOOG,167.12765502929688,168.57073935308924,165.52536188230883,167.35158609633652,11990300.0
2024-08-26,MSFT,410.4088439941406,414.17061105594456,408.274870910172,413.26738834241513,13152800.0
2024-08-27,AAPL,226.97366333007807,227.7898720189865,223.8482098014285,224.9530683997657,35934600.0
2024-08-27,GOOG,165.5850830078125,167.44116278726227,165.36613289768596,166.80920212469354,13718200.0
2024-08-27,MSFT,410.7562561035156,411.2723704046003,407.1930107231119,409.7835476962891,13492900.0
2024-08-28,AAPL,225.44078063964844,228.7951641071056,224.6345202420592,226.864148811834,38052200.0
2024-08-28,GOOG,163.71405029296875,166.59024181530037,162.4998780060163,165.98315567182416,15208700.0
2024-08-28,MSFT,407.5403747558594,411.9075816112939,404.2748820734033,411.7884806509906,14882700.0
2024-08-29,AAPL,228.72547912597656,231.84098409749413,227.81970629152008,229.0340557927716,51906300.0
2024-08-29,GOOG,162.61929321289062,166.82909384063865,161.2080689333106,165.26658777613255,17133800.0
2024-08-29,MSFT,410.0416259765625,418.9050766930969,407.5404146945572,411.8480714919877,17045200.0
2024-08-30,AAPL,227.9391632080078,229.33267166766268,226.42620031745173,229.123652992766,52990800.0
2024-08-30,GOOG,164.32113647460938,164.49032242468166,162.62926178800114,163.43538933253365,18498800.0
2024-08-30,MSFT,414.0316467285156,414.3790144301796,409.05896964037805,412.50311373853776,24308300.0
2024-09-03,AAPL,221.7380523681641,227.93918848340573,220.1454580764442,227.49127608514223,50190600.0
2024-09-03,GOOG,157.85218811035156,162.5994020868109,157.10079051671096,162.53471021638023,26533100.0
2024-09-03,MSFT,406.3890380859375,416.7512462836699,403.99699269665393,414.79592463376775,20313600.0
2024-09-04,AAPL,219.8269195556641,220.75260404502964,216.47252073588623,220.6331648046219,43840200.0
2024-09-04,GOOG,157.0560302734375,159.6336524111022,156.68780287831035,157.31976357808833,17410700.0
2024-09-04,MSFT,405.8530578613281,408.1756176150405,401.356814564364,402.8853476688359,15135800.0
2024-09-05,AAPL,221.349853515625,224.43548398740052,220.4938367652657,220.6033278096641,36615400.0
2024-09-05,GOOG,157.8422393798828,160.24569419514802,156.767397633428,157.0261499260267,14139500.0
2024-09-05,MSFT,405.3468627929688,410.021757358501,403.1036936763924,404.5825811257243,14195500.0
2024-09-06,AAPL,219.7970733642578,224.1965961864048,218.75193438162452,222.9125635200513,48423000.0
2024-09-06,GOOG,151.4031524658203,158.4592739545079,151.20907685487566,157.93180742316588,24999100.0
2024-09-06,MSFT,398.7067565917969,407.5900477606274,397.8134386827117,406.0118992328487,19609500.0
2024-09-09,AAPL,219.8866424560547,220.24497537072617,215.7061019102892,219.79706302441252,67180000.0
2024-09-09,GOOG,149.0214385986328,154.10375958652725,147.68608891991994,153.09726740287832,28057700.0
2024-09-09,MSFT,402.6967468261719,405.6049064318399,399.1533416913916,404.2054095225525,15295100.0
2024-09-10,AAPL,219.09034729003903,220.45399594379384,215.72600018375596,217.905857501112,51591000.0
2024-09-10,GOOG,149.48980712890625,151.77187464600306,149.0244312819417,150.92481609573323,20401800.0
2024-09-10,MSFT,411.1135559082031,413.2276585385216,404.6619913629379,405.1582655587275,19594300.0
2024-09-11,AAPL,221.62852478027344,222.056525502596,216.88061769002928,220.4340868524661,44587100.0
2024-09-11,GOOG,151.62237548828125,151.95123295490748,148.18434227300756,150.5660537380805,18991500.0
2024-09-11,MSFT,419.8876953125,420.83059814465895,406.527971667463,412.4038716868024,19266900.0
2024-09-12,AAPL,221.7380523681641,222.5144379086487,218.80172088165384,221.4692988539641,37455600.0
2024-09-12,GOOG,155.00062561035156,155.0703901694335,152.9677064304605,154.27316129669887,20980800.0
2024-09-12,MSFT,423.8181762695313,424.18541433930886,416.6222002087488,420.1556701684846,17395700.0
2024-09-13,AAPL,221.4692840576172,223.00214343080088,220.8820208371711,222.54428285449177,36766600.0
2024-09-13,GOOG,157.82081604003906,158.72267655824004,155.5686585082356,155.8197835538955,16733900.0
2024-09-13,MSFT,427.3814086914063,428.61215900524985,422.2896305914577,422.6568686502548,15874600.0
2024-09-16,AAPL,215.3179168701172,216.21374159471785,212.9290256243428,215.5368837592455,59357400.0
2024-09-16,GOOG,158.4386749267578,158.68780800030433,157.0634554949007,157.78095996318476,14157600.0
2024-09-16,MSFT,428.1258239746094,430.2995073976486,425.0290778075874,427.3913478501723,13834700.0
2024-09-17,AAPL,215.7857208251953,215.8952118613641,213.5063358570856,214.75054527350213,45519300.0
2024-09-17,GOOG,159.72418212890625,161.0296368970047,158.85720396814236,159.53483857520496,12064800.0
2024-09-17,MSFT,431.9074401855469,438.5575267353336,429.0488958810436,436.949603136594,18874200.0
2024-09-18,AAPL,219.66766357421875,221.67831024616868,216.5322467283196,216.54221012404864,59894900.0
2024-09-18,GOOG,160.2523651123047,161.06952893986823,159.10635898971154,160.29223492168077,16756500.0
2024-09-18,MSFT,427.5997924804688,432.7808965666544,427.2027791611413,431.7585728815533,18898000.0
2024-09-19,AAPL,227.8097686767578,228.75538000957172,223.58941994126667,223.94775287051627,66781300.0
2024-09-19,GOOG,162.67391967773438,164.41785100496014,161.9584072561854,164.24844235787742,17548200.0
2024-09-19,MSFT,435.4210510253906,438.21010954856746,433.64438094484007,437.94213239056506,21706600.0
2024-09-20,AAPL,227.1428680419922,232.01021467188832,226.5655530501552,228.90467282845125,318679900.0
2024-09-20,GOOG,164.06907653808594,164.17869569883612,162.61413269593567,163.9494975284952,46362700.0
2024-09-20,MSFT,432.0265502929688,435.966968827051,430.9843865428928,433.9620318747381,55167100.0
2024-09-23,AAPL,225.4208831787109,228.38707413181643,224.7639369712135,226.2868480598011,54146000.0
2024-09-23,GOOG,162.50453186035156,166.0322495638778,162.3849376425891,164.76664926653692,15648400.0
2024-09-23,MSFT,430.2796936035156,433.2076933933247,427.182947247431,431.04394501505726,15128900.0
2024-09-24,AAPL,226.31671142578125,228.28755007923567,224.6843092769655,227.59078065470555,43556100.0
2024-09-24,GOOG,163.07254028320312,163.97938829958474,161.4681227180186,163.68042557699044,18774100.0
2024-09-24,MSFT,425.9720153808594,430.1208604741096,422.9248844858402,429.7734624718136,17015800.0
2024-09-25,AAPL,225.32135009765625,226.2370864319121,222.98224544035924,223.88801837861104,42308700.0
2024-09-25,GOOG,162.4248046875,163.64753959851393,162.21053868701378,162.4048697838993,13607900.0
2024-09-25,MSFT,428.8901062011719,429.8925898519273,425.3765064150849,426.6270968939567,13396400.0
2024-09-26,AAPL,226.4660186767578,227.44147457763864,224.3657926365912,226.24703661091277,36636700.0
2024-09-26,GOOG,163.2618865966797,164.92609369322952,162.9330291168763,164.45772230131644,18234500.0
2024-09-26,MSFT,428.0960388183594,432.05629715674354,425.9322906223112,431.847870478453,14492000.0
2024-09-27,AAPL,226.73475646972656,228.45675318264773,226.24703611440785,227.40166606122023,34026000.0
2024-09-27,GOOG,164.71681213378906,166.39099425359143,163.26188353562077,163.34160794188523,13604300.0
2024-09-27,MSFT,424.8305358886719,428.6320130497984,424.2846464096371,428.30445513024,14896100.0
2024-09-30,AAPL,231.920654296875,231.920654296875,228.58616671135624,228.9743594736852,54541900.0
2024-09-30,GOOG,166.6102294921875,166.77963815016724,164.0690692107404,164.20858311765755,14070100.0
2024-09-30,MSFT,427.0935363769531,427.21266762088106,422.2002803557028,425.0191139919029,16807300.0
2024-10-01,AAPL,225.1620941162109,228.5861456381701,222.70353511874544,228.45675818805825,63285000.0
2024-10-01,GOOG,167.83596801757812,169.8489675197396,165.3247023657839,168.2744446621951,18629500.0
2024-10-01,MSFT,417.55517578125,425.2871360570717,415.6891800010871,425.25736081760834,19092900.0
2024-10-02,AAPL,225.72946166992188,226.31672490502265,221.98688498556476,224.84358511910924,32880600.0
2024-10-02,GOOG,166.7298126220703,168.29437559381142,165.67349084272,167.1782491049807,12745000.0
2024-10-02,MSFT,414.0217590332031,419.6693623993433,413.6048753371549,419.4311301629545,16582300.0
2024-10-03,AAPL,224.6245880126953,225.759306386038,222.28548343692836,224.09704443839323,34044200.0
2024-10-03,GOOG,166.6301727294922,167.32774229896964,164.79654173931067,165.2449934394312,11004300.0
2024-10-03,MSFT,413.4361267089844,416.4236768512481,411.2028927674364,414.5180008502912,13686400.0
2024-10-04,AAPL,225.74935913085935,226.9437971307691,223.09172964492672,226.8442543024003,37245100.0
2024-10-04,GOOG,167.97547912597656,168.96205155988855,166.38103659730547,168.75277308995237,11422100.0
2024-10-04,MSFT,412.959716796875,416.62222309915006,411.8778425920818,415.1234652064613,19169700.0
2024-10-07,AAPL,220.66302490234372,224.6444949275546,220.30469199255063,223.46000516495792,39505400.0
2024-10-07,GOOG,163.8199462890625,169.31083385834447,163.56085336185615,168.55347477474996,14034700.0
2024-10-07,MSFT,406.4883117675781,414.0018807182257,405.9523271087282,412.9001664479973,20919800.0
2024-10-08,AAPL,224.72413635253903,224.933155033014,222.2158058701156,223.26094483680063,31855700.0
2024-10-08,GOOG,165.12539672851562,165.5240187663917,163.7402174593827,164.85632875368378,11723900.0
2024-10-08,MSFT,411.6197509765625,412.5626841012525,405.1285060524599,407.8381438809941,19229300.0
2024-10-09,AAPL,228.4766540527344,228.68568791487783,223.78848153487695,224.18662246797504,33591100.0
2024-10-09,GOOG,162.4945526123047,165.68345289594726,160.56127753869376,164.28332624636454,19666400.0
2024-10-09,MSFT,414.3492431640625,417.247497795826,411.2127866111198,412.7611596791307,14974300.0
2024-10-10,AAPL,227.9789581298828,228.4368338478112,226.11762582538967,226.7248005882391,28183500.0
2024-10-10,GOOG,162.6141357421875,163.74122571102308,161.07948266881212,161.54785407298462,12900500.0
2024-10-10,MSFT,412.7413330078125,414.2400908209317,410.0713753239967,412.13589300844654,13848400.0
2024-10-11,AAPL,226.4958953857422,228.3472796881356,226.28686151162023,228.23778864704397,31759200.0
2024-10-11,GOOG,163.94949340820312,164.69689261111412,161.93649396405095,162.76361757331088,10946000.0
2024-10-11,MSFT,413.2177734375,414.0217352499605,410.1706424598083,413.0391219881032,14144900.0
2024-10-14,AAPL,230.228515625,230.65651637799863,227.54102629778745,227.6405539391785,39882100.0
2024-10-14,GOOG,165.77316284179688,167.03874798063788,164.20859975029586,164.3381538219398,9981800.0
2024-10-14,MSFT,416.0167236328125,420.88020441582967,414.4087698865168,414.656906970244,16653100.0
2024-10-15,AAPL,232.76670837402344,236.3898456598821,231.29355345996072,232.52781469355563,64751400.0
2024-10-15,GOOG,166.32122802734375,168.5036361085776,165.47418473029845,166.56040124373772,14829300.0
2024-10-15,MSFT,415.6197204589844,419.3318721896264,412.1656713035286,419.0340894861109,18900200.0
2024-10-16,AAPL,230.70626831054688,231.04468960128423,228.77525301100687,230.52710945831015,34082200.0
2024-10-16,GOOG,166.16180419921875,166.69992496042366,164.64308687838846,165.45425956276037,9968500.0
2024-10-16,MSFT,413.0192565917969,413.2574585271856,407.421299078938,412.0763537374333,15508900.0
2024-10-17,AAPL,231.07456970214844,232.76670668063704,229.4521309302649,232.348638945834,32993800.0
2024-10-17,GOOG,163.93951416015625,167.347652613545,163.80000025408333,166.79957204346408,15113400.0
2024-10-17,MSFT,413.6148071289063,419.3517361779106,412.4932224910437,419.2127648503068,14820000.0
2024-10-18,AAPL,233.91136169433597,235.0858880500012,232.92594240501305,235.0858880500012,46431500.0
2024-10-18,GOOG,164.4776611328125,165.79307587756512,164.17869839804442,164.29827740960113,13091300.0
2024-10-18,MSFT,415.0440368652344,416.5229242680202,413.1582009892299,414.0316484156336,17145300.0
2024-10-21,AAPL,235.38450622558597,235.75280253487685,233.36391138062547,233.36391138062547,36254500.0
2024-10-21,GOOG,165.22506713867188,165.6436089021509,163.73524093121017,164.00929645176177,11384000.0
2024-10-21,MSFT,415.659423828125,415.8380752730999,410.6669065146117,413.01924141063614,14206100.0
2024-10-22,AAPL,234.7673797607422,235.125712669187,231.5224871701216,232.8065045656556,38846600.0
2024-10-22,GOOG,166.2415313720703,166.88927130726915,164.0989777289574,164.128872482528,11958600.0
2024-10-22,MSFT,424.3244018554688,427.3715026073368,414.9249667270413,415.3715953599656,25482200.0
2024-10-23,AAPL,229.6910095214844,234.05072423456664,226.7049068825192,232.99563706556216,52287000.0
2024-10-23,GOOG,163.9096221923828,167.01881318974742,163.065559244841,165.85285706206346,12754300.0
2024-10-23,MSFT,421.4360656738281,427.86776005710016,419.3814831724278,427.6493981928425,19654400.0
2024-10-24,AAPL,229.5018768310547,229.75071868986197,227.3518795258155,228.9145985013122,31109500.0
2024-10-24,GOOG,163.95945739746094,164.47765844887786,162.20556603111856,164.01924690226363,12764400.0
2024-10-24,MSFT,421.5650634765625,422.805748890155,419.25240890313023,422.16056824294986,13581600.0
2024-10-25,AAPL,230.3380126953125,232.13962556438537,228.5065400142299,228.6757506783198,38802300.0
2024-10-25,GOOG,166.41091918945312,166.81948583900834,164.65701276843643,164.79155434851998,14566400.0
2024-10-25,MSFT,424.9595947265625,429.2970264220679,423.3913815699701,423.5799681906594,16899100.0
2024-10-28,AAPL,232.3187713623047,233.64261197661628,231.47271808946843,232.2391553268284,36087100.0
2024-10-28,GOOG,167.75624084472656,170.01438944494484,165.2150804822965,169.99843848112795,20858300.0
2024-10-28,MSFT,423.4112548828125,428.7213953393787,423.1234073407083,428.4434829749879,14882400.0
2024-10-29,AAPL,232.5875244140625,233.2444706163013,231.2437873874136,232.0201728307493,35417200.0
2024-10-29,GOOG,170.54652404785156,171.26402846493147,168.0751283922846,168.79760513048487,28916100.0
2024-10-29,MSFT,428.7312927246094,429.94220298203743,422.6270958434546,424.8107144355948,17644100.0
2024-10-30,AAPL,229.03407287597656,232.38845656475567,228.48661770128336,231.5324398883544,47070900.0
2024-10-30,GOOG,175.52919006347656,183.1526557004326,175.13555556673,181.77745153420008,49698300.0
2024-10-30,MSFT,429.3069763183594,435.2324917274877,428.880187758029,434.1803928023981,29749100.0
2024-10-31,AAPL,224.8634796142578,228.76531846185907,224.32597264925337,228.27758291037028,64370100.0
2024-10-31,GOOG,172.09115600585938,177.8012815181652,171.96160194799086,174.11411524890076,32801900.0
2024-10-31,MSFT,403.3220520019531,413.05894946974416,403.2724064074055,412.2648925685448,53971000.0
2024-11-01,AAPL,221.87738037109372,224.30607958110733,219.2496106921502,219.9463649274566,65276700.0
2024-11-01,GOOG,172.05128479003906,173.21724088954517,169.71940300277728,170.94513339774178,21752900.0
2024-11-01,MSFT,407.3120727539063,412.4038507759796,404.4634637574288,405.9622215000355,24230400.0
2024-11-04,AAPL,220.9815368652344,221.75792231303785,218.69220372782075,219.96627293386248,44944500.0
2024-11-04,GOOG,170.088134765625,171.32384035785597,168.8972865104651,170.64620565642016,16194000.0
2024-11-04,MSFT,405.4162902832031,407.3617068567998,402.54784130454914,406.7463014364753,19672300.0
2024-11-05,AAPL,222.41488647460935,222.91257027302564,220.11558975602287,220.77253601507732,28111300.0
2024-11-05,GOOG,170.8155975341797,171.5002116658229,169.77919547335438,170.23760700138777,12518300.0
2024-11-05,MSFT,408.39398193359375,411.808351068097,405.0391632836315,405.32701081903,17626000.0
2024-11-06,AAPL,221.6882476806641,225.02273483375984,220.16533664224423,221.578756649688,54561100.0
2024-11-06,GOOG,177.71160888671875,178.0205314702605,174.43300906747453,174.74194685689258,27061500.0
2024-11-06,MSFT,417.0489807128906,417.31698816741806,407.4609595048601,409.346825702744,26681800.0
2024-11-07,AAPL,226.42620849609372,226.8243646333076,223.52970043689453,223.5894200604507,42137700.0
2024-11-07,GOOG,181.6479034423828,181.946866168645,178.2696596091349,178.4888979280021,16730400.0
2024-11-07,MSFT,422.2598876953125,423.6693198482964,416.75125581106414,418.1408176089653,19901800.0
2024-11-08,AAPL,226.15716552734372,227.8511489598711,225.60910803907555,226.366414165256,38328800.0
2024-11-08,GOOG,179.23631286621094,181.717683944254,178.94732516919095,181.36889153203384,15021500.0
2024-11-08,MSFT,419.3913879394531,423.3218709209174,418.6370415012291,422.1506711385383,16891400.0
2024-11-11,AAPL,223.4368133544922,224.9016146506588,220.7164746065314,224.2040938441064,42005600.0
2024-11-11,GOOG,181.3389892578125,181.45359594984728,179.36585950258848,179.44558391367224,12503400.0
2024-11-11,MSFT,414.8951721191406,421.6444892164841,412.90014011467326,419.3715448677772,24503300.0
2024-11-12,AAPL,223.4368133544922,224.79200315214243,222.5698957238352,223.75568869738083,40398300.0
2024-11-12,GOOG,182.68429565429688,183.38683749509173,180.3623737343035,180.7510206956661,14065800.0
2024-11-12,MSFT,419.8777465820313,421.27724345465793,414.09120276331856,415.1333664626366,19401200.0
2024-11-13,AAPL,224.3236541748047,225.84824072641777,221.97200184604,223.2175800878685,48566200.0
2024-11-13,GOOG,179.86412048339844,181.98175162304452,179.49539319202896,181.51835254660904,13969700.0
2024-11-13,MSFT,422.0316162109375,426.1308158963339,415.09368189625457,418.4981461257373,21502200.0
2024-11-14,AAPL,227.41270446777344,228.06039910056816,224.2040935569292,224.22402706703755,44923900.0
2024-11-14,GOOG,176.73500061035156,179.81926914040582,175.41957074160206,179.12667192787285,17925800.0
2024-11-14,MSFT,423.7090148925781,424.9794756745813,416.8703416533151,421.83308381585454,30246900.0
2024-11-15,AAPL,224.2041015625,226.11730807125568,223.4766880681117,225.59914322363005,47923700.0
2024-11-15,GOOG,173.2869873046875,175.27009189862946,172.14595365397622,175.03091869147002,21708900.0
2024-11-15,MSFT,411.9075927734375,419.64945830467593,410.5577414665236,416.691683409749,28247600.0
2024-11-18,AAPL,227.2134246826172,228.9273417095955,224.37349996104592,224.4532188000698,44633700.0
2024-11-18,GOOG,176.18690490722656,176.2965240630027,173.81515328545728,174.34830168881726,18662800.0
2024-11-18,MSFT,412.6619567871094,415.282268966584,409.0292257942814,411.7785741197853,24727000.0
2024-11-19,AAPL,227.4724884033203,229.34584301691132,225.8582238051146,226.1770839408332,36211800.0
2024-11-19,GOOG,178.95726013183594,179.54521049958376,174.50873574514665,174.6273263652797,15392900.0
2024-11-19,MSFT,414.67681884765625,414.82569505476647,408.4832960203025,410.03166915459735,18133500.0
2024-11-20,AAPL,228.18994140625,229.11664435033197,225.0909420304879,227.25326410482543,35169600.0
2024-11-20,GOOG,176.71507263183594,178.48889888977342,174.72200805384992,178.20987106532547,15729800.0
2024-11-20,MSFT,412.3939208984375,414.18052617467214,407.52050466835993,413.7636425231655,19191700.0
2024-11-21,AAPL,227.71165466308597,229.3458528412815,224.91159698015457,228.07038183414417,42108300.0
2024-11-21,GOOG,168.6531219482422,174.97113270704511,164.73674233388783,174.8465661769147,38839400.0
2024-11-21,MSFT,410.61370849609375,417.48594978990576,408.047821251109,417.2074811714516,20780200.0
2024-11-22,AAPL,229.05686950683597,229.90386885981252,227.2532745036032,227.2532745036032,38168300.0
2024-11-22,GOOG,165.99237060546875,167.68148472401768,165.13535233232582,166.58032093547257,24497000.0
2024-11-22,MSFT,414.7211608886719,415.1189688817136,408.81361962204943,409.1219230929671,24814600.0
2024-11-25,AAPL,232.04624938964844,232.42491005721112,228.92733167542056,230.64124862727573,90152800.0
2024-11-25,GOOG,168.8424530029297,169.86889521703444,166.8194937377108,167.40745932580006,21395700.0
2024-11-25,MSFT,416.5013732910156,418.778836873561,412.582902472389,416.09361024787086,27691100.0
2024-11-26,AAPL,234.2285003662109,234.73670603206307,232.50462429580293,232.50462429580293,45986200.0
2024-11-26,GOOG,170.02833557128906,170.9003013307693,168.84245970545572,168.90226441618458,14937500.0
2024-11-26,MSFT,425.6510925292969,426.69537265560376,416.5610569682543,417.2970032728636,23458900.0
2024-11-27,AAPL,234.0989532470703,234.8562745603856,232.98291999142185,233.6405889619916,33498400.0
2024-11-27,GOOG,170.22764587402344,170.5465282862755,169.0816246654878,170.08811676168617,12433400.0
2024-11-27,MSFT,420.6784362792969,424.895286183322,419.7137359172663,422.78684605590655,18332400.0
2024-11-29,AAPL,236.490478515625,236.96877632211965,233.14236346053607,233.97938842310504,28481400.0
2024-11-29,GOOG,169.8988037109375,170.27747565922795,168.16483196940402,169.47028689871513,9250700.0
2024-11-29,MSFT,421.1458435058594,422.5580967644444,415.5167709497141,417.7942649272981,16271900.0
2024-12-02,AAPL,238.7424774169922,239.93822952974796,236.3210805290228,236.4306920263062,48137100.0
2024-12-02,GOOG,172.38015747070312,172.99801785273627,169.6795633828964,169.729393040365,16593400.0
2024-12-02,MSFT,428.6247863769531,430.63373653101576,419.00761775180223,419.2662066130162,20207200.0
2024-12-03,AAPL,241.79165649414065,241.9012679940841,238.0549215480856,238.96170621081689,38861000.0
2024-12-03,GOOG,172.42002868652344,173.71552376190024,171.91178746442176,172.51967279639754,15721500.0
2024-12-03,MSFT,428.8435668945313,430.1066156030698,425.40245343840513,427.4909833141871,18302000.0
2024-12-04,AAPL,242.1503753662109,243.24649032811607,240.3966066319756,242.01087120786053,44383900.0
2024-12-04,GOOG,175.47935485839844,175.8181721635722,172.1509408951326,172.18083564524355,18239800.0
2024-12-04,MSFT,435.0295715332031,437.2672755840065,430.2657397446012,430.6635477279166,26009400.0
2024-12-05,AAPL,242.18028259277344,243.67497660990784,241.2735131113704,243.1269343008096,40033900.0
2024-12-05,GOOG,173.70553588867188,177.09375469777737,173.40657316935733,176.70510772443114,16145500.0
2024-12-05,MSFT,440.20111083984375,442.22997089475297,433.7863778049247,435.5268141893356,21697800.0
2024-12-06,AAPL,241.98098754882807,243.7646642163996,241.22368140458013,242.05074723300527,36870600.0
2024-12-06,GOOG,175.87799072265625,176.2257795214318,172.9481833340205,173.277040817018,13319500.0
2024-12-06,MSFT,441.14593505859375,443.6621076103015,439.3557536946216,439.8828560757841,18821000.0
2024-12-09,AAPL,245.8771514892578,246.3654236467989,240.89483838917155,240.97455722335047,44649200.0
2024-12-09,GOOG,176.68609619140625,177.6238864796207,174.99005717397944,175.30432340630412,19887800.0
2024-12-09,MSFT,443.58251953125,445.8798931073043,438.09269688925554,440.18122659952354,19144400.0
2024-12-10,AAPL,246.8935546875,247.33200068563025,244.4721425450312,246.0166626912396,36914800.0
2024-12-10,GOOG,186.09405517578125,187.5905494908536,182.24307586273665,184.1037226081358,34317400.0
2024-12-10,MSFT,440.9072570800781,447.16289170564096,439.1867306857862,441.9614922675205,18469500.0
2024-12-11,AAPL,245.6180877685547,249.91283942191652,245.38889040813984,247.08288910248365,45205800.0
2024-12-11,GOOG,196.2502593994141,196.42983139934515,185.8246707849008,186.26364486001205,41664500.0
2024-12-11,MSFT,446.5363464355469,447.8889300799693,441.62334015579273,441.62334015579273,19200200.0
2024-12-12,AAPL,247.0828857421875,247.8601253939288,244.81093690846672,246.01666340683192,32777500.0
2024-12-12,GOOG,193.17745971679688,196.24526989145363,192.82827163510757,195.8412176609105,25197800.0
2024-12-12,MSFT,447.1032104492188,453.66714837494953,446.6556575005631,446.6556575005631,20834800.0
2024-12-13,AAPL,247.25228881835935,248.4081739675946,245.36897496771653,246.94338782137356,33155300.0
2024-12-13,GOOG,190.9327087402344,193.8857820600521,190.81297885426133,192.2596020715844,18883200.0
2024-12-13,MSFT,444.8257141113281,448.9629838704377,443.14494732322726,445.98933356109154,20177800.0
2024-12-16,AAPL,250.15196228027344,250.49077111704125,246.7739547032778,247.1127635400456,51694800.0
2024-12-16,GOOG,197.6968688964844,200.1710684380182,193.65633141386007,193.9107403054309,32248600.0
2024-12-16,MSFT,449.12213134765625,449.7089034526842,442.8466168869823,444.82573215231423,23598800.0
2024-12-17,AAPL,252.58334350585935,252.93211150871377,248.8964348112852,249.1953766416157,51356400.0
2024-12-17,GOOG,196.6593017578125,202.40584968133783,196.23031402711655,198.0660100701861,24129500.0
2024-12-17,MSFT,451.9764404296875,452.8019216091468,447.1131792784758,448.5453123373024,22733500.0
2024-12-18,AAPL,247.1725616455078,253.3805196542609,246.86366065893745,251.26802371656945,56774100.0
2024-12-18,GOOG,189.70558166503903,198.2256307864751,188.8376198714581,196.3699773075896,27638400.0
2024-12-18,MSFT,434.999755859375,450.1763420296264,434.6317523490202,448.8536235978926,24444500.0
2024-12-19,AAPL,248.9063873291016,251.10857637552837,246.21594133746916,246.6244946545368,60882300.0
2024-12-19,GOOG,189.2566375732422,194.1451946197569,189.07706556926652,192.82827236476157,26981200.0
2024-12-19,MSFT,434.6416931152344,440.7580781855559,433.9355816606558,439.2066057877418,22963700.0
2024-12-20,AAPL,253.5897674560547,254.0979578981185,244.8208937111572,247.1625716512524,147495300.0
2024-12-20,GOOG,192.509033203125,193.68127489145215,185.9344233506523,186.5729269755745,45319700.0
2024-12-20,MSFT,434.2140502929688,441.3150154444738,426.2876039748234,430.74310199904505,64263700.0
2024-12-23,AAPL,254.3670196533203,254.7456651132031,252.55345036958025,253.8687883386418,40858800.0
2024-12-23,GOOG,195.53195190429688,196.0307833406558,191.182141170322,193.57652597559388,15235900.0
2024-12-23,MSFT,432.8714294433594,435.2583077630068,430.4646409959487,434.353277123108,19152500.0
2024-12-24,AAPL,257.2866516113281,257.2965955586333,254.38692663500535,254.58623131585568,23234700.0
2024-12-24,GOOG,197.10824584960935,197.20800299530168,194.7417804425956,195.7115088017816,6809800.0
2024-12-24,MSFT,436.9291076660156,437.1976515770788,431.817212852652,432.2746905166953,7164500.0
2024-12-26,AAPL,258.1037292480469,259.1799258751944,256.7186620602343,257.27667867815336,27237100.0
2024-12-26,GOOG,196.63934326171875,197.69686339021348,195.4122070614833,196.280184046086,7907900.0
2024-12-26,MSFT,435.7157897949219,438.5303413291557,434.24389716434194,436.6804901261448,8194200.0
2024-12-27,AAPL,254.6858673095703,257.7848817480364,252.16481819720389,256.91793375888693,42355300.0
2024-12-27,GOOG,193.58648681640625,196.34004594129468,191.52332692544056,196.0108153840525,14693000.0
2024-12-27,MSFT,428.1772155761719,432.8415878431465,424.020065946368,432.2249809082039,18117700.0
2024-12-30,AAPL,251.307861328125,252.60326573181476,249.86299361835324,251.33775398934145,35557500.0
2024-12-30,GOOG,192.2396545410156,193.32710338004287,189.91509830350097,190.41892290770127,12209500.0
2024-12-30,MSFT,422.5083312988281,425.21346797282456,419.5943507529856,423.7316203926744,13158700.0
